CONFERENCE,TEAM_ID,TEAM_NAME,PLAYER_ID,PLAYER_NAME,TEAM_ABBREVIATION,AGE,GP,MIN,PTS,FGA,FG_PCT,FG3A,FG3_PCT,FTA,FT_PCT,OREB,DREB,REB,AST,TOV,STL,BLK,PF,PFD,PLUS_MINUS
East,1610612749,Milwaukee Bucks,1631260,AJ Green,MIL,24,56,11,4.5,3.5,0.423,3,0.408,0.3,0.895,0.2,1,1.1,0.5,0.2,0.2,0.1,0.9,0.4,0.9
East,1610612749,Milwaukee Bucks,1641748,Andre Jackson Jr.,MIL,22,57,10,2.2,1.8,0.5,0.8,0.37,0.2,0.727,0.8,1.2,2,0.9,0.5,0.3,0.1,1.6,0.2,-1.6
East,1610612749,Milwaukee Bucks,1626171,Bobby Portis,MIL,29,82,24.5,13.8,11.2,0.508,3,0.407,1.5,0.79,1.7,5.7,7.4,1.3,1.1,0.8,0.4,2.3,1.3,-0.1
East,1610612749,Milwaukee Bucks,201572,Brook Lopez,MIL,36,79,30.5,12.5,9.6,0.485,5.1,0.366,1.7,0.821,1.5,3.7,5.2,1.6,1,0.5,2.4,2.4,1.5,3.5
East,1610612749,Milwaukee Bucks,1641753,Chris Livingston,MIL,20,21,4.3,1.2,1,0.5,0.2,0.2,0.2,0.75,0.1,0.9,1,0.2,0.2,0.1,0,0.7,0.2,-1.3
East,1610612749,Milwaukee Bucks,203081,Damian Lillard,MIL,33,73,35.3,24.3,17.5,0.424,8.5,0.354,7,0.92,0.5,3.9,4.4,7,2.6,1,0.2,1.8,4.9,5.3
East,1610612749,Milwaukee Bucks,201568,Danilo Gallinari,MIL,35,49,12.8,5.7,3.9,0.437,1.9,0.323,2,0.857,0.4,1.8,2.2,1.1,0.5,0.3,0.1,1,1.7,-2
East,1610612749,Milwaukee Bucks,203507,Giannis Antetokounmpo,MIL,29,73,35.2,30.4,18.8,0.611,1.7,0.274,10.7,0.657,2.7,8.8,11.5,6.5,3.4,1.2,1.1,2.9,8.3,4.6
East,1610612749,Milwaukee Bucks,203109,Jae Crowder,MIL,33,50,23.1,6.2,5.4,0.422,3.3,0.349,0.7,0.722,0.6,2.6,3.2,1.3,0.5,0.8,0.2,1.5,0.7,-1.4
East,1610612749,Milwaukee Bucks,203114,Khris Middleton,MIL,32,55,27,15.1,11.7,0.493,4.5,0.381,2.2,0.833,0.7,3.9,4.7,5.3,2.3,0.9,0.3,2.6,2,2.3
East,1610612749,Milwaukee Bucks,1629623,Lindell Wigginton,MIL,26,3,2.5,2,1.7,0.4,0.7,0,0.7,1,0,0,0,0,0.3,0,0,0.3,0.3,-3.3
East,1610612749,Milwaukee Bucks,1627736,Malik Beasley,MIL,27,79,29.6,11.3,9.1,0.443,6.9,0.413,0.4,0.714,0.5,3.2,3.7,1.4,0.7,0.7,0.1,2,0.5,3.7
East,1610612749,Milwaukee Bucks,1630699,MarJon Beauchamp,MIL,23,48,12.7,4.4,3.5,0.488,1.6,0.4,0.6,0.679,0.5,1.6,2.1,0.6,0.6,0.3,0.1,1.1,0.4,-0.3
East,1610612749,Milwaukee Bucks,1626192,Pat Connaughton,MIL,31,76,22.1,5.6,4.6,0.435,3.1,0.345,0.8,0.759,0.7,2.5,3.1,2.1,0.6,0.5,0.3,1.3,0.8,-0.2
East,1610612749,Milwaukee Bucks,201976,Patrick Beverley,MIL,35,73,20,6.2,5.2,0.417,2.5,0.337,1.2,0.822,0.7,2.6,3.3,2.9,0.9,0.6,0.4,1.8,1.3,-0.8
East,1610612749,Milwaukee Bucks,201577,Robin Lopez,MIL,36,16,4,1.1,1.2,0.368,0.5,0.25,0.1,1,0.2,0.1,0.3,0.3,0.1,0.1,0.2,0.4,0.3,-1.4
East,1610612749,Milwaukee Bucks,1631157,Ryan Rollins,MIL,21,13,6,3.4,2.1,0.519,0.3,0.75,1.3,0.765,0.2,0.8,1,1.1,0.6,0.8,0.2,0.6,1.1,4.8
East,1610612749,Milwaukee Bucks,203648,Thanasis Antetokounmpo,MIL,31,34,4.6,0.9,0.9,0.533,0,0,0.1,0,0.2,0.2,0.4,0.5,0.4,0.2,0.1,0.7,0.2,-1.2
East,1610612749,Milwaukee Bucks,1631102,TyTy Washington Jr.,MIL,22,11,5.1,1.3,1.8,0.3,0.5,0.333,0,0,0.1,0.4,0.5,0.5,0.2,0.3,0,0.1,0.2,-1.2
East,1610612737,Atlanta Hawks,1631100,AJ Griffin,ATL,20,20,8.5,2.4,3.1,0.29,2,0.256,0.1,1,0.1,0.8,0.9,0.3,0.4,0.1,0.1,0.3,0.1,-2.6
East,1610612737,Atlanta Hawks,203992,Bogdan Bogdanović,ATL,31,79,30.4,16.9,13.9,0.428,8.1,0.374,2.1,0.921,0.7,2.8,3.4,3.1,1.4,1.2,0.3,2.3,1.6,1.6
East,1610612737,Atlanta Hawks,1628981,Bruno Fernando,ATL,25,45,15.2,6.3,4.2,0.583,0.1,0,2.1,0.667,1.3,3,4.3,1,1,0.6,0.6,2.4,1.7,-2.1
East,1610612737,Atlanta Hawks,203991,Clint Capela,ATL,30,73,25.8,11.5,8.5,0.571,0,0,2.8,0.631,4.6,6,10.6,1.2,1,0.6,1.5,2.2,2.3,-0.2
East,1610612737,Atlanta Hawks,1629631,De'Andre Hunter,ATL,26,57,29.5,15.6,11.6,0.459,5.3,0.385,3.4,0.847,0.5,3.4,3.9,1.5,1.5,0.7,0.3,2.6,3.4,-0.9
East,1610612737,Atlanta Hawks,1627749,Dejounte Murray,ATL,27,78,35.7,22.5,18.8,0.459,7.1,0.363,3.4,0.794,0.8,4.5,5.3,6.4,2.6,1.4,0.3,1.8,2.5,-2
East,1610612737,Atlanta Hawks,1629685,Dylan Windler,ATL,27,17,6.4,2.5,1.8,0.5,1.6,0.481,0,0,0.2,0.8,0.9,0.6,0.1,0.1,0,0.4,0.1,-0.9
East,1610612737,Atlanta Hawks,1629726,Garrison Mathews,ATL,27,66,15,4.9,3.4,0.456,2.9,0.44,0.6,0.81,0.3,1.1,1.4,0.6,0.3,0.3,0.1,1.7,1,-1.5
East,1610612737,Atlanta Hawks,1630552,Jalen Johnson,ATL,22,56,33.7,16,12.5,0.511,3.6,0.355,2.6,0.728,1.3,7.4,8.7,3.6,1.8,1.2,0.8,2.4,2.2,-1.4
East,1610612737,Atlanta Hawks,1641723,Kobe Bufkin,ATL,20,17,11.5,4.8,5.4,0.37,2.4,0.225,0.5,0.5,0.4,1.6,1.9,1.6,0.6,0.4,0.3,1.2,0.5,-2.1
East,1610612737,Atlanta Hawks,1631243,Mouhamed Gueye,ATL,21,6,12.1,4,3.8,0.348,1.5,0.333,1,0.833,1.7,2,3.7,0.7,0.2,0.8,0.7,2.2,0.8,-6.8
East,1610612737,Atlanta Hawks,1630168,Onyeka Okongwu,ATL,23,55,25.5,10.2,6.6,0.611,1.3,0.333,2.1,0.793,2.6,4.2,6.8,1.3,0.8,0.5,1.1,2.9,1.7,-0.6
East,1610612737,Atlanta Hawks,1630180,Saddiq Bey,ATL,25,63,32.7,13.7,11.1,0.416,5.7,0.316,3.2,0.837,2.7,3.9,6.5,1.5,0.9,0.8,0.2,1.4,2.2,-0.3
East,1610612737,Atlanta Hawks,1641754,Seth Lundy,ATL,24,9,5.8,1.6,1.9,0.235,1.4,0.231,0.4,0.75,0.1,0.7,0.8,0,0.1,0,0,0.7,0.3,-1.4
East,1610612737,Atlanta Hawks,1629027,Trae Young,ATL,25,54,36,25.7,18.7,0.43,8.7,0.373,7.5,0.855,0.4,2.3,2.8,10.8,4.4,1.3,0.2,2,6.4,-2.1
East,1610612737,Atlanta Hawks,1630235,Trent Forrest,ATL,26,38,10.9,2.2,2.4,0.378,0.3,0.2,0.4,0.765,0.3,1.1,1.3,2.4,0.5,0.3,0.1,0.7,0.4,-2.5
East,1610612737,Atlanta Hawks,1630249,Vit Krejčí,ATL,24,22,24.6,6.1,4.7,0.49,3.1,0.412,0.3,0.833,0.5,1.9,2.4,2.3,0.9,0.6,0.3,2.2,0.5,0
East,1610612737,Atlanta Hawks,202083,Wesley Matthews,ATL,37,36,11.5,3.1,2.7,0.351,1.9,0.348,0.7,0.75,0.3,1.2,1.5,0.6,0.2,0.4,0.3,1.2,0.6,-1.9
East,1610612754,Indiana Pacers,1630174,Aaron Nesmith,IND,24,72,27.7,12.2,8.8,0.496,4.6,0.419,1.9,0.781,0.9,2.9,3.8,1.5,0.9,0.9,0.7,3.3,2,2.2
East,1610612754,Indiana Pacers,1629614,Andrew Nembhard,IND,24,68,25,9.2,7.7,0.498,2.5,0.357,0.8,0.804,0.5,1.5,2.1,4.1,1.5,0.9,0.1,2.1,1.3,1
East,1610612754,Indiana Pacers,1641767,Ben Sheppard,IND,22,57,14.3,4.4,4,0.393,2.7,0.314,0.5,0.885,0.3,1.3,1.6,0.9,0.3,0.6,0,1.5,0.4,1.2
East,1610612754,Indiana Pacers,1631097,Bennedict Mathurin,IND,22,59,26.1,14.5,11.2,0.446,3.6,0.374,3.8,0.821,1,2.9,4,2,1.6,0.6,0.2,2,2.8,-1.6
East,1610612754,Indiana Pacers,203926,Doug McDermott,IND,32,64,14.1,5.5,4.4,0.433,3.6,0.41,0.3,0.579,0.2,0.8,0.9,1.1,0.4,0.3,0,1,0.2,-2.2
East,1610612754,Indiana Pacers,1630543,Isaiah Jackson,IND,22,60,12.8,6.4,3.9,0.665,0.1,0,1.7,0.716,1.6,2.4,4,0.8,0.7,0.6,1,2.3,1.6,0.5
East,1610612754,Indiana Pacers,1631209,Isaiah Wong,IND,23,1,4.3,2,3,0.333,1,0,0,0,0,0,0,0,0,0,0,0,0,-5
East,1610612754,Indiana Pacers,1630188,Jalen Smith,IND,24,61,17.2,9.9,6.5,0.592,2.4,0.424,1.7,0.692,1.8,3.7,5.5,1,0.7,0.3,0.6,2,1.6,-0.2
East,1610612754,Indiana Pacers,201949,James Johnson,IND,37,9,5.2,0.9,1.1,0.3,0.2,0,0.2,1,0.1,0.3,0.4,0.9,0.6,0.6,0.1,1,0.2,0.6
East,1610612754,Indiana Pacers,1641716,Jarace Walker,IND,20,33,10.3,3.6,3.3,0.409,1.7,0.4,0.3,0.889,0.4,1.5,1.9,1.2,0.5,0.5,0.3,0.9,0.4,0.6
East,1610612754,Indiana Pacers,1631112,Kendall Brown,IND,21,15,4.2,1.4,1,0.533,0.1,0,0.5,0.625,0.2,0.1,0.3,0.3,0.1,0,0,0.6,0.4,-1.6
East,1610612754,Indiana Pacers,1626167,Myles Turner,IND,28,77,27,17.1,11.8,0.524,4.2,0.358,4.1,0.773,1.5,5.5,6.9,1.3,1.4,0.5,1.9,3,3.4,2.9
East,1610612754,Indiana Pacers,1630167,Obi Toppin,IND,26,82,21.1,10.3,7.1,0.573,3.1,0.403,1.2,0.77,1,2.9,3.9,1.6,0.8,0.6,0.5,1.7,1.1,1.7
East,1610612754,Indiana Pacers,1631131,Oscar Tshiebwe,IND,24,8,5.2,3.3,2.5,0.5,0,0,1,0.75,1,1,2,0.3,0,0.3,0.1,0.4,0.6,1.8
East,1610612754,Indiana Pacers,1627783,Pascal Siakam,IND,30,80,33.2,21.7,15.9,0.536,3.1,0.346,5,0.732,1.7,5.3,7.1,4.3,1.8,0.8,0.3,2.4,4.1,1.4
East,1610612754,Indiana Pacers,1631245,Quenton Jackson,IND,25,3,3.5,0.7,0.3,0,0,0,0.7,1,0,1.3,1.3,0.7,0,0.3,0,0.3,0.3,0
East,1610612754,Indiana Pacers,204456,T.J. McConnell,IND,32,71,18.2,10.2,8.4,0.556,0.6,0.409,0.9,0.79,0.5,2.2,2.7,5.5,1.5,1,0.1,1.1,1.5,1.3
East,1610612754,Indiana Pacers,1630169,Tyrese Haliburton,IND,24,69,32.2,20.1,15.2,0.477,7.8,0.364,3.3,0.855,0.5,3.4,3.9,10.9,2.3,1.2,0.7,1.1,2.4,4.3
East,1610612741,Chicago Bulls,1641766,Adama Sanogo,CHI,22,9,7.3,4,3,0.519,0,0,1.3,0.667,2.1,1.9,4,0,0.6,0.1,0,0.6,0.8,3.8
East,1610612741,Chicago Bulls,1627936,Alex Caruso,CHI,30,71,28.7,10.1,7.6,0.468,4.7,0.408,1.4,0.76,0.9,3,3.8,3.5,1.4,1.7,1,2.5,1.9,0.1
East,1610612741,Chicago Bulls,203083,Andre Drummond,CHI,30,79,17.1,8.4,6.1,0.556,0,0,2.8,0.592,3.4,5.6,9,0.5,1,0.9,0.6,1.8,2.4,0.3
East,1610612741,Chicago Bulls,1641847,Andrew Funk,CHI,24,5,2.7,0,0.8,0,0.6,0,0,0,0,0,0,0,0,0.2,0.2,0,0,0.8
East,1610612741,Chicago Bulls,1630245,Ayo Dosunmu,CHI,24,76,29.1,12.2,9.5,0.501,3.9,0.403,1.4,0.81,0.7,2.1,2.8,3.2,1.4,0.9,0.5,2.2,1.1,-2.1
East,1610612741,Chicago Bulls,1629632,Coby White,CHI,24,79,36.5,19.1,15.3,0.447,7,0.376,3.3,0.838,0.6,4,4.5,5.1,2.1,0.7,0.2,2.4,3.7,-0.4
East,1610612741,Chicago Bulls,1631207,Dalen Terry,CHI,21,59,11.5,3.1,2.7,0.439,1.3,0.23,0.7,0.581,0.5,1.4,1.9,1.4,0.5,0.5,0.3,1.4,0.6,0.6
East,1610612741,Chicago Bulls,201942,DeMar DeRozan,CHI,34,79,37.8,24,17.2,0.48,2.8,0.333,7.7,0.853,0.5,3.8,4.3,5.3,1.7,1.1,0.6,2,5.6,-0.8
East,1610612741,Chicago Bulls,1630929,Henri Drell,CHI,24,4,7.5,2.8,2.5,0.4,1.5,0.333,0.5,0.5,0.3,0.8,1,1,0.5,0.5,0.3,1.5,0.3,1.5
East,1610612741,Chicago Bulls,1629750,Javonte Green,CHI,30,9,25.6,12.2,8.3,0.6,3,0.37,1.4,0.769,2.2,5.2,7.4,0.6,0.8,1.1,0.9,2.1,1,3.1
East,1610612741,Chicago Bulls,1628975,Jevon Carter,CHI,28,72,13.9,5,5.1,0.378,3.3,0.329,0.1,0.571,0.2,0.7,0.8,1.3,0.5,0.5,0.2,1,0.2,0.4
East,1610612741,Chicago Bulls,1641763,Julian Phillips,CHI,20,40,8.1,2.2,1.9,0.416,1,0.316,0.5,0.684,0.3,0.6,0.9,0.3,0.3,0.2,0.2,1,0.5,-0.1
East,1610612741,Chicago Bulls,202696,Nikola Vučević,CHI,33,76,34.3,18,15.9,0.484,4.1,0.294,1.7,0.822,2.8,7.8,10.5,3.3,1.6,0.7,0.8,2.5,1.9,-2.4
East,1610612741,Chicago Bulls,1641931,Onuralp Bitim,CHI,25,23,11.7,3.5,3.7,0.381,1.9,0.273,0.2,0.8,0.3,1.1,1.4,0.6,0.4,0.1,0.1,1,0.3,-2
East,1610612741,Chicago Bulls,1630172,Patrick Williams,CHI,22,43,27.3,10,8.3,0.443,3.4,0.399,1.5,0.788,1.1,2.8,3.9,1.5,1.3,0.9,0.8,2,1.2,-0.3
East,1610612741,Chicago Bulls,1630678,Terry Taylor,CHI,24,31,6.1,1.5,1.3,0.513,0.3,0.222,0.2,0.8,0.5,0.6,1.2,0.3,0.2,0.2,0.1,0.5,0.1,0.5
East,1610612741,Chicago Bulls,1628470,Torrey Craig,CHI,33,53,19.8,5.7,4.7,0.43,2.9,0.392,0.7,0.75,1.3,2.8,4.1,1.1,0.6,0.6,0.4,2.1,0.7,-3.4
East,1610612741,Chicago Bulls,203897,Zach LaVine,CHI,29,25,34.9,19.5,15,0.452,6.8,0.349,4.1,0.854,0.3,4.8,5.2,3.9,2.1,0.8,0.3,2.3,2.8,-3.7
East,1610612753,Orlando Magic,1629678,Admiral Schofield,ORL,27,23,3.7,1.1,1.1,0.385,0.7,0.375,0.1,0,0.1,0.6,0.7,0.3,0.2,0,0,0.4,0.1,-0.6
East,1610612753,Orlando Magic,1641710,Anthony Black,ORL,20,69,16.9,4.6,3.6,0.466,1.4,0.394,1.2,0.613,0.5,1.5,2,1.3,0.8,0.5,0.3,1.6,1.1,-0.5
East,1610612753,Orlando Magic,1631216,Caleb Houstan,ORL,21,59,13.8,4.3,3.5,0.388,3.3,0.373,0.4,0.808,0.5,0.9,1.4,0.5,0.3,0.3,0.1,1,0.3,-0.5
East,1610612753,Orlando Magic,1629643,Chuma Okeke,ORL,25,47,9.2,2.3,2.4,0.357,1.7,0.28,0.1,0.571,0.4,1.3,1.7,0.4,0.3,0.2,0.1,0.4,0.1,-1.5
East,1610612753,Orlando Magic,1630175,Cole Anthony,ORL,24,81,22.4,11.6,9.4,0.435,3.4,0.338,2.7,0.826,0.8,3,3.8,2.9,1.6,0.8,0.5,2.2,2,1.4
East,1610612753,Orlando Magic,1630532,Franz Wagner,ORL,22,72,32.5,19.7,15.2,0.482,4.6,0.281,4.4,0.85,1,4.3,5.3,3.7,1.9,1.1,0.4,2.3,3.8,2.8
East,1610612753,Orlando Magic,203914,Gary Harris,ORL,29,54,24,6.9,5.5,0.441,3.8,0.371,0.8,0.756,0.4,1.2,1.7,1.6,0.6,0.9,0.3,1.7,0.7,1.7
East,1610612753,Orlando Magic,1629048,Goga Bitadze,ORL,24,62,15.4,5,3.4,0.603,0.2,0.143,1.4,0.655,1.8,2.9,4.6,1.3,0.7,0.5,1.2,1.7,1.3,0.4
East,1610612753,Orlando Magic,1630591,Jalen Suggs,ORL,23,75,27,12.6,9.5,0.471,5.1,0.397,2.1,0.756,0.6,2.4,3.1,2.7,1.8,1.4,0.6,2.7,2.4,0.6
East,1610612753,Orlando Magic,1641724,Jett Howard,ORL,20,18,3.7,1.6,1.7,0.333,1.4,0.28,0.2,0.5,0.1,0.3,0.4,0.3,0.2,0.1,0.1,0.2,0.2,0.2
East,1610612753,Orlando Magic,204060,Joe Ingles,ORL,36,68,17.2,4.4,3.3,0.436,2.4,0.435,0.5,0.824,0.3,1.8,2.1,3,1,0.6,0.1,1.3,0.5,2.4
East,1610612753,Orlando Magic,1628371,Jonathan Isaac,ORL,26,58,15.8,6.8,4.9,0.51,1.9,0.375,1.4,0.72,1.3,3.2,4.5,0.5,0.5,0.7,1.2,1.1,1.2,3.1
East,1610612753,Orlando Magic,1630284,Kevon Harris,ORL,27,2,3,2,1.5,0.667,0,0,0,0,0,1,1,0.5,0.5,0,0,1.5,0,0
East,1610612753,Orlando Magic,1628365,Markelle Fultz,ORL,26,43,21.2,7.8,7.6,0.472,0.4,0.222,0.8,0.697,1.3,1.9,3.2,2.8,1.2,1,0.3,1.5,0.9,0.3
East,1610612753,Orlando Magic,1629021,Moritz Wagner,ORL,27,80,17.7,10.9,6.9,0.601,1.4,0.33,2.6,0.814,1.5,2.9,4.3,1.2,1.2,0.5,0.3,2,2.4,1.2
East,1610612753,Orlando Magic,1631094,Paolo Banchero,ORL,21,80,35,22.6,17.6,0.455,4.4,0.339,7,0.725,1,5.9,6.9,5.4,3.1,0.9,0.6,1.9,4.8,0
East,1610612753,Orlando Magic,1630243,Trevelin Queen,ORL,27,14,11.8,2.9,2.7,0.368,1.2,0.176,0.9,0.75,0.2,1.2,1.4,1.3,0.5,0.5,0.4,1.1,0.8,-0.6
East,1610612753,Orlando Magic,1628976,Wendell Carter Jr.,ORL,25,55,25.6,11,7.7,0.525,3.1,0.374,2.4,0.694,2,4.9,6.9,1.7,1.2,0.6,0.5,2.2,2.5,0.9
East,1610612738,Boston Celtics,201143,Al Horford,BOS,38,65,26.8,8.6,6.4,0.511,4,0.419,0.5,0.867,1.3,5.1,6.4,2.6,0.7,0.6,1,1.4,0.4,6.5
East,1610612738,Boston Celtics,1628401,Derrick White,BOS,29,73,32.6,15.2,11.5,0.461,6.8,0.396,2.1,0.901,0.7,3.5,4.2,5.2,1.5,1,1.2,2.1,2.1,8.5
East,1610612738,Boston Celtics,1641809,Drew Peterson,BOS,24,3,7.6,3.7,2,0.667,1.7,0.6,0,0,0,0.3,0.3,0.3,0.3,0.7,0,0.3,0,2.7
East,1610612738,Boston Celtics,1631120,JD Davison,BOS,21,8,4.9,2,1.5,0.417,0.9,0.429,0.5,0.75,0.3,1,1.3,1.3,0.3,0.1,0.1,0.5,0.4,2.9
East,1610612738,Boston Celtics,1630531,Jaden Springer,BOS,21,49,10.3,3.3,3,0.399,1,0.208,0.9,0.833,0.7,0.9,1.6,0.9,0.7,0.7,0.3,1.3,0.8,-0.6
East,1610612738,Boston Celtics,1627759,Jaylen Brown,BOS,27,70,33.5,23,17.9,0.499,5.9,0.354,4.3,0.703,1.2,4.3,5.5,3.6,2.4,1.2,0.5,2.6,3.4,5.9
East,1610612738,Boston Celtics,1628369,Jayson Tatum,BOS,26,74,35.7,26.9,19.3,0.471,8.2,0.376,6.7,0.833,0.9,7.2,8.1,4.9,2.5,1,0.6,2,4.6,8.2
East,1610612738,Boston Celtics,1641775,Jordan Walsh,BOS,20,9,9.3,1.7,1.7,0.4,1,0.222,0.2,0.5,0.6,1.7,2.2,0.6,0.3,0.6,0.1,1.2,0.3,5.2
East,1610612738,Boston Celtics,201950,Jrue Holiday,BOS,34,69,32.8,12.5,10,0.48,4.7,0.429,1,0.833,1.2,4.2,5.4,4.8,1.8,0.9,0.8,1.6,1.2,6.2
East,1610612738,Boston Celtics,204001,Kristaps Porziņģis,BOS,28,57,29.6,20.1,13.2,0.516,5.1,0.375,5.3,0.858,1.7,5.5,7.2,2,1.6,0.7,1.9,2.7,4.9,7.3
East,1610612738,Boston Celtics,1628436,Luke Kornet,BOS,28,63,15.6,5.3,3.2,0.7,0,1,0.9,0.907,1.9,2.3,4.1,1.1,0.3,0.4,1,1.2,1.1,3.5
East,1610612738,Boston Celtics,1629674,Neemias Queta,BOS,24,28,11.9,5.5,3.7,0.644,0,0,1,0.714,1.9,2.5,4.4,0.7,0.5,0.5,0.8,1.8,0.9,4.8
East,1610612738,Boston Celtics,1629052,Oshae Brissett,BOS,26,55,11.5,3.7,2.8,0.444,1,0.273,1.5,0.602,1.1,1.8,2.9,0.8,0.4,0.3,0.1,1,1,2.1
East,1610612738,Boston Celtics,1630202,Payton Pritchard,BOS,26,82,22.3,9.6,7.7,0.468,4.7,0.385,0.7,0.821,0.9,2.4,3.2,3.4,0.7,0.5,0.1,1.3,0.8,5.5
East,1610612738,Boston Celtics,1630573,Sam Hauser,BOS,26,79,22,9,7.1,0.446,5.9,0.424,0.2,0.895,0.6,2.9,3.5,1,0.4,0.5,0.3,1.3,0.3,6.2
East,1610612738,Boston Celtics,1629004,Svi Mykhailiuk,BOS,27,41,10.1,4,3.3,0.416,2.6,0.389,0.2,0.667,0.3,1,1.2,0.9,0.3,0.3,0,0.5,0.3,3.6
East,1610612738,Boston Celtics,1630214,Xavier Tillman,BOS,25,54,18,5.3,5.2,0.434,1.5,0.247,0.9,0.44,1.3,2.6,3.9,1.4,0.6,0.9,0.8,1.4,0.8,-1.1
East,1610612752,New York Knicks,202692,Alec Burks,NYK,32,66,18.4,10.4,8.6,0.369,5,0.376,2.5,0.868,0.4,1.9,2.3,1.3,0.7,0.4,0.2,1.1,1.9,-3.9
East,1610612752,New York Knicks,202711,Bojan Bogdanović,NYK,35,57,25.9,15.2,11.9,0.454,5.9,0.398,2.6,0.785,0.4,2.3,2.7,1.7,1.8,0.5,0.1,1.7,2,-6.1
East,1610612752,New York Knicks,1629718,Charlie Brown Jr.,NYK,27,8,4.7,0.8,1.3,0.2,0.9,0.286,0,0,0.1,0.1,0.3,0,0.3,0,0.3,0.6,0.1,-0.8
East,1610612752,New York Knicks,1629610,DaQuan Jeffries,NYK,26,17,2.7,0.8,1,0.353,0.6,0.2,0.1,0,0,0.3,0.3,0.3,0.2,0,0.1,0.1,0.1,-0.6
East,1610612752,New York Knicks,1631376,Dmytro Skapintsev,NYK,26,2,1.1,0,0.5,0,0,0,0,0,0,0,0,0,0,0,0,0,0,0
East,1610612752,New York Knicks,1628978,Donte DiVincenzo,NYK,27,81,29.1,15.5,12.4,0.443,8.7,0.401,1.4,0.754,0.8,2.9,3.7,2.7,1.4,1.3,0.4,2,1.5,2
East,1610612752,New York Knicks,1628392,Isaiah Hartenstein,NYK,26,75,25.3,7.8,4.9,0.644,0,0.333,2.1,0.707,3.3,5.1,8.3,2.5,1.2,1.2,1.1,2.8,1.8,5.4
East,1610612752,New York Knicks,1631210,Jacob Toppin,NYK,24,9,4.2,1.4,1,0.556,0.4,0.25,0.2,1,0.3,0.4,0.8,0.3,0.1,0,0.1,0.3,0.1,-1.8
East,1610612752,New York Knicks,1628973,Jalen Brunson,NYK,27,77,35.4,28.7,21.4,0.479,6.8,0.401,6.5,0.847,0.6,3.1,3.6,6.7,2.4,0.9,0.2,1.9,6.2,6.6
East,1610612752,New York Knicks,1630579,Jericho Sims,NYK,25,45,13,2,1.2,0.691,0,0,0.5,0.667,1.2,2,3.3,0.6,0.4,0.2,0.4,1,0.6,-0.2
East,1610612752,New York Knicks,1628404,Josh Hart,NYK,29,81,33.4,9.4,8.4,0.434,3.2,0.31,1.4,0.791,1.6,6.8,8.3,4.1,1.5,0.9,0.3,2.1,1.5,4.3
East,1610612752,New York Knicks,203944,Julius Randle,NYK,29,46,35.4,24,18.2,0.472,5.3,0.311,6.6,0.781,2.2,7,9.2,5,3.5,0.5,0.3,2.7,4.8,4.7
East,1610612752,New York Knicks,1629603,Mamadi Diakite,NYK,27,6,4.1,2,1,0.667,0.2,0,1,0.667,0.2,0.5,0.7,0.3,0.2,0.2,0.2,0.3,0.5,0.5
East,1610612752,New York Knicks,1630540,Miles McBride,NYK,23,68,19.5,8.3,6.7,0.452,3.9,0.41,0.7,0.86,0.5,1,1.5,1.7,0.4,0.7,0.1,1.6,0.8,-0.2
East,1610612752,New York Knicks,1629011,Mitchell Robinson,NYK,26,31,24.8,5.6,4.1,0.575,0,0,2.1,0.409,4.6,3.9,8.5,0.6,0.8,1.2,1.1,1.8,1.9,0.4
East,1610612752,New York Knicks,1628384,OG Anunoby,NYK,26,50,34,14.7,11.5,0.489,5.3,0.382,1.8,0.753,0.9,3.2,4.2,2.1,1.6,1.4,0.7,2.4,1.5,7.8
East,1610612752,New York Knicks,1630173,Precious Achiuwa,NYK,24,74,21.9,7.6,6.3,0.501,1.3,0.268,1.5,0.616,2.6,4,6.6,1.3,1.1,0.6,0.9,1.9,1.1,-0.6
East,1610612752,New York Knicks,1627853,Ryan Arcidiacono,NYK,30,20,2.3,0,0.3,0,0.3,0,0,0,0,0.4,0.4,0.2,0.1,0.1,0,0.3,0.1,0.1
East,1610612752,New York Knicks,1629003,Shake Milton,NYK,27,48,12.1,4.5,4.1,0.405,1.3,0.281,1,0.816,0.3,1.3,1.6,1.3,0.6,0.4,0.1,1.1,0.9,-1
East,1610612766,Charlotte Hornets,1630197,Aleksej Pokusevski,CHA,22,28,14.5,5.2,4.3,0.405,2,0.327,1.5,0.732,0.6,2.6,3.2,1.3,0.7,0.5,0.5,0.8,1,-2.6
East,1610612766,Charlotte Hornets,1641735,Amari Bailey,CHA,20,10,6.5,2.3,2.4,0.333,0.8,0.125,0.7,0.857,0.6,0.3,0.9,0.7,0.4,0.3,0,0.2,0.4,0.5
East,1610612766,Charlotte Hornets,1641706,Brandon Miller,CHA,21,74,32.2,17.3,14.6,0.44,6.7,0.373,2.3,0.827,0.8,3.4,4.3,2.4,1.8,0.9,0.6,2.5,2.6,-6.9
East,1610612766,Charlotte Hornets,1631121,Bryce McGowens,CHA,21,59,14.9,5.1,3.9,0.439,1.7,0.333,1.4,0.776,0.3,1.4,1.7,0.9,0.5,0.4,0.2,1.3,1.3,-3.9
East,1610612766,Charlotte Hornets,1628998,Cody Martin,CHA,28,28,26.9,7.5,7.7,0.381,3.1,0.314,1.2,0.606,0.7,3.2,3.9,3.7,1.6,1.1,0.6,1.7,1.5,-5.6
East,1610612766,Charlotte Hornets,202722,Davis Bertans,CHA,31,43,15.7,6.7,5.4,0.393,4.7,0.38,0.8,0.909,0.2,1.2,1.4,0.8,0.4,0.6,0.3,1.3,0.6,-1.7
East,1610612766,Charlotte Hornets,1628373,Frank Ntilikina,CHA,25,5,8.6,1,1.8,0.111,1.6,0.125,0.4,1,0.2,1,1.2,0.8,0.2,0,0,0.8,0.2,-0.2
East,1610612766,Charlotte Hornets,1629684,Grant Williams,CHA,25,76,28,10.3,8,0.456,4.4,0.375,1.8,0.757,1.1,3.1,4.2,2.3,1.4,0.6,0.5,3,2.3,-3.2
East,1610612766,Charlotte Hornets,202397,Ish Smith,CHA,35,43,17.2,3.2,3.7,0.418,0.2,0.5,0.1,0.75,0.3,1.5,1.8,3.4,1.1,0.4,0.1,1.1,0.3,-6.5
East,1610612766,Charlotte Hornets,1630550,JT Thor,CHA,21,63,12.4,3.2,2.9,0.437,1.3,0.346,0.3,0.55,0.7,1.6,2.3,0.5,0.2,0.2,0.4,1,0.3,-0.8
East,1610612766,Charlotte Hornets,1630547,James Bouknight,CHA,23,14,5.8,3.6,2.9,0.439,2.1,0.433,0.1,0.5,0.1,0.6,0.6,0.4,0.1,0.1,0.1,0.2,0.2,-0.8
East,1610612766,Charlotte Hornets,1630163,LaMelo Ball,CHA,22,22,32.3,23.9,19.2,0.433,9,0.355,4.7,0.865,1.3,3.8,5.1,8,3.8,1.8,0.2,3.6,4.1,-6.3
East,1610612766,Charlotte Hornets,1641778,Leaky Black,CHA,25,26,10.9,2.7,2,0.481,0.8,0.45,0.6,0.667,0.3,1.5,1.8,0.9,0.2,0.3,0.4,0.7,0.5,-1
East,1610612766,Charlotte Hornets,1631109,Mark Williams,CHA,22,19,26.8,12.7,7.9,0.649,0,0,3.4,0.719,4,5.7,9.7,1.2,0.9,0.8,1.1,2.6,2.8,-1.1
East,1610612766,Charlotte Hornets,1629716,Marques Bolden,CHA,26,11,11,3.4,2.3,0.68,0.1,0,0.4,0.75,0.9,2.2,3.1,0.4,0.3,0.3,0.6,0.9,0.3,-1.5
East,1610612766,Charlotte Hornets,1628970,Miles Bridges,CHA,26,69,37.4,21,17.5,0.462,6.5,0.349,3.1,0.825,1,6.3,7.3,3.3,2,0.9,0.5,1.7,2.5,-9.2
East,1610612766,Charlotte Hornets,1641877,Nathan Mensah,CHA,26,25,12.3,1.3,1.1,0.429,0,0,0.5,0.75,1.2,1.4,2.6,0.4,0.6,0.2,0.6,2.6,0.8,-5.3
East,1610612766,Charlotte Hornets,1630208,Nick Richards,CHA,26,67,26.2,9.7,5.6,0.691,0,0,2.7,0.737,2.6,5.5,8,0.8,1.1,0.4,1.1,2.6,2.4,-6.4
East,1610612766,Charlotte Hornets,1641733,Nick Smith Jr.,CHA,20,51,14.3,5.9,5.7,0.391,2.9,0.432,0.3,0.867,0.4,1.1,1.4,1.2,0.8,0.2,0.1,1.1,0.3,-3.8
East,1610612766,Charlotte Hornets,203552,Seth Curry,CHA,33,44,14,5.1,4.6,0.392,2.5,0.352,0.7,0.903,0.4,1.1,1.5,1,0.5,0.5,0.1,0.9,0.6,1.4
East,1610612766,Charlotte Hornets,1630544,Tre Mann,CHA,23,41,24.1,9.3,7.7,0.459,3.1,0.373,1.4,0.763,0.5,3.1,3.6,4,1.6,1.2,0.1,1.2,1.9,-3.1
East,1610612766,Charlotte Hornets,203995,Vasilije Micić,CHA,30,60,19.6,7,6.2,0.43,2.6,0.279,1.3,0.813,0.2,1.2,1.5,4.4,1.7,0.5,0.1,1.1,1.2,-1.2
East,1610612748,Miami Heat,1631214,Alondes Williams,MIA,25,7,2.2,0.7,1.1,0.25,0.6,0,0.1,1,0,0.1,0.1,0,0.3,0,0.1,0.3,0.1,-2.9
East,1610612748,Miami Heat,1628389,Bam Adebayo,MIA,26,71,34,19.3,14.3,0.521,0.6,0.357,5.5,0.755,2.2,8.1,10.4,3.9,2.3,1.1,0.9,2.2,4.8,0.7
East,1610612748,Miami Heat,1628997,Caleb Martin,MIA,28,64,27.4,10,8.7,0.431,3.6,0.349,1.5,0.778,1.2,3.2,4.4,2.2,1.2,0.7,0.5,2,1.7,1
East,1610612748,Miami Heat,1631306,Cole Swider,MIA,25,18,4.8,2.3,2.1,0.395,1.7,0.333,0.1,1,0.1,0.3,0.4,0.3,0.4,0.1,0.1,0.2,0.1,-1.1
East,1610612748,Miami Heat,1626153,Delon Wright,MIA,32,47,15.8,4.5,4,0.394,1.4,0.368,1,0.822,0.4,1.4,1.8,2.5,0.3,1.1,0.2,0.7,0.9,0.3
East,1610612748,Miami Heat,1630696,Dru Smith,MIA,26,9,14.5,4.3,3.7,0.455,1.9,0.412,0.2,1,0.7,0.9,1.6,1.6,0.6,1,0.3,1.3,0.7,-4.8
East,1610612748,Miami Heat,1629130,Duncan Robinson,MIA,30,68,28,12.9,9.9,0.45,7,0.395,1.3,0.889,0.2,2.3,2.5,2.8,1.4,0.7,0.2,2.4,1.1,0.6
East,1610612748,Miami Heat,1629312,Haywood Highsmith,MIA,27,66,20.7,6.1,5,0.465,2.9,0.396,0.5,0.639,1,2.2,3.2,1.1,0.5,0.8,0.5,1.8,0.6,0.1
East,1610612748,Miami Heat,1631170,Jaime Jaquez Jr.,MIA,23,75,28.2,11.9,9.3,0.489,2.7,0.322,2.3,0.811,1.1,2.7,3.8,2.6,1.5,1,0.3,2.2,1.8,1.4
East,1610612748,Miami Heat,1631288,Jamal Cain,MIA,25,26,10,3.7,3,0.43,1.2,0.355,0.9,0.783,0.6,0.8,1.4,0.4,0.3,0.4,0.2,0.8,0.6,-1
East,1610612748,Miami Heat,202710,Jimmy Butler,MIA,34,60,34,20.8,13.2,0.499,2.4,0.414,7.7,0.858,1.8,3.6,5.3,5,1.7,1.3,0.3,1.1,5.2,3.6
East,1610612748,Miami Heat,1626196,Josh Richardson,MIA,30,43,25.6,9.9,8.1,0.444,4.4,0.347,1.3,0.944,0.4,2.4,2.8,2.4,0.8,0.6,0.3,1.8,1.2,-2.5
East,1610612748,Miami Heat,201567,Kevin Love,MIA,35,55,16.8,8.8,6.5,0.44,4.4,0.344,2,0.787,1.1,5.1,6.1,2.1,0.9,0.3,0.2,1.8,1.8,2
East,1610612748,Miami Heat,1631107,Nikola Jović,MIA,21,46,19.5,7.7,6.1,0.452,3.5,0.399,1,0.702,0.5,3.6,4.2,2,0.9,0.5,0.3,1.8,1.1,3.2
East,1610612748,Miami Heat,1631115,Orlando Robinson,MIA,23,36,8.4,2.8,2,0.5,0.4,0.533,0.7,0.76,0.8,1.6,2.3,0.9,0.5,0.2,0.2,1,0.7,0.3
East,1610612748,Miami Heat,201988,Patty Mills,MIA,35,32,13,4,4.1,0.351,2.7,0.276,0.3,1,0.3,0.8,1.1,1.1,0.5,0.6,0,1,0.6,0.2
East,1610612748,Miami Heat,1630181,R.J. Hampton,MIA,23,8,9.5,1.3,1.8,0.286,1,0.125,0.3,0.5,0.3,0.5,0.8,1,0.4,0,0,1,0.1,2.6
East,1610612748,Miami Heat,1626179,Terry Rozier,MIA,30,61,33.4,19.8,16.4,0.443,6.7,0.363,3.2,0.869,0.6,3.5,4,5.6,1.7,1,0.3,1.7,2.9,-4.8
East,1610612748,Miami Heat,1628418,Thomas Bryant,MIA,26,38,11.6,5.7,3.9,0.577,0.6,0.182,1.2,0.872,1.1,2.7,3.7,0.6,0.6,0.3,0.4,1.2,0.9,0.3
East,1610612748,Miami Heat,1629639,Tyler Herro,MIA,24,42,33.5,20.8,17.5,0.441,7.9,0.396,2.6,0.856,0.5,4.8,5.3,4.5,2.2,0.7,0.1,1.5,2.1,0.7
East,1610612764,Washington Wizards,1630264,Anthony Gill,WAS,31,50,9.3,3.8,3.2,0.469,0.8,0.244,0.7,0.806,0.7,1.1,1.9,0.7,0.5,0.3,0.2,1,0.6,0.1
East,1610612764,Washington Wizards,1641731,Bilal Coulibaly,WAS,19,63,27.2,8.4,6.9,0.435,2.9,0.346,2.1,0.702,0.9,3.2,4.1,1.7,1.4,0.9,0.8,2.2,1.6,-6.7
East,1610612764,Washington Wizards,1630557,Corey Kispert,WAS,25,80,25.8,13.4,9.9,0.486,6,0.383,2,0.726,0.4,2.4,2.8,2,1.2,0.5,0.2,1.8,1.5,-5.6
East,1610612764,Washington Wizards,1630166,Deni Avdija,WAS,23,75,30.1,14.7,10.7,0.506,3.1,0.374,3.6,0.74,1.1,6.1,7.2,3.8,2.1,0.8,0.5,2.5,3.3,-4.4
East,1610612764,Washington Wizards,1630647,Eugene Omoruyi,WAS,27,43,9.1,4.8,3.9,0.485,1.1,0.283,1.1,0.653,0.8,1.2,2,0.8,0.5,0.6,0.1,1.4,1.1,-3.2
East,1610612764,Washington Wizards,1628977,Hamidou Diallo,WAS,25,2,2.4,1,1,0.5,0,0,0,0,1,0,1,0.5,0.5,1,0,0.5,0,2
East,1610612764,Washington Wizards,1630215,Jared Butler,WAS,23,40,14.1,6.3,5,0.488,2,0.308,0.9,0.861,0.2,1.2,1.5,3.2,1.3,0.7,0.2,1.5,1.1,-1.2
East,1610612764,Washington Wizards,1631098,Johnny Davis,WAS,22,50,12.3,3,3.1,0.403,0.8,0.35,0.5,0.583,0.4,1.1,1.4,0.6,0.3,0.4,0.2,1.1,0.5,-3
East,1610612764,Washington Wizards,1629673,Jordan Poole,WAS,25,78,30.1,17.4,15.2,0.413,7.2,0.326,2.8,0.877,0.4,2.3,2.7,4.4,2.4,1.1,0.3,3.1,2.7,-7.1
East,1610612764,Washington Wizards,1631262,Jules Bernard,WAS,24,19,7.9,3.9,3.4,0.453,1.5,0.379,0.5,0.556,0.5,0.8,1.4,0.8,0.4,0.2,0.1,0.7,0.7,1.4
East,1610612764,Washington Wizards,1630551,Justin Champagnie,WAS,23,15,15.7,5.9,5.2,0.41,3,0.289,1,0.8,1.3,2.3,3.5,1.3,0.7,0.7,0.6,0.9,0.7,-3.9
East,1610612764,Washington Wizards,1628398,Kyle Kuzma,WAS,28,70,32.6,22.2,18.8,0.463,6.4,0.336,3.4,0.775,0.9,5.7,6.6,4.2,2.7,0.5,0.7,2.2,2.7,-8
East,1610612764,Washington Wizards,1629013,Landry Shamet,WAS,27,46,15.8,7.1,6,0.431,3.4,0.338,1,0.826,0.3,1,1.3,1.2,0.7,0.5,0.2,1.7,1,-3.2
East,1610612764,Washington Wizards,1628963,Marvin Bagley III,WAS,25,50,21.1,11.7,8.2,0.586,0.5,0.391,2.5,0.762,2.6,3.6,6.2,1.1,1.2,0.4,0.7,1.6,2.1,-2.7
East,1610612764,Washington Wizards,1631116,Patrick Baldwin Jr.,WAS,21,38,13,4.4,4.1,0.381,2.6,0.32,0.7,0.679,0.4,2.8,3.2,0.8,0.5,0.5,0.4,1.5,0.7,-0.6
East,1610612764,Washington Wizards,1626158,Richaun Holmes,WAS,30,40,13.9,5,3.7,0.558,0.1,0.333,1.2,0.723,1.8,2.8,4.6,0.6,0.6,0.3,0.5,1.9,0.9,-2.3
East,1610612764,Washington Wizards,1641774,Tristan Vukcevic,WAS,21,10,15.3,8.5,6.7,0.433,3.6,0.278,2.2,0.773,0.6,3,3.6,1.3,1,0.5,0.7,2.8,1.8,3.2
East,1610612764,Washington Wizards,1626145,Tyus Jones,WAS,28,66,29.3,12,10.1,0.489,3.9,0.414,0.6,0.8,0.3,2.4,2.7,7.3,1,1.1,0.3,0.7,0.7,-7.5
East,1610612751,Brooklyn Nets,1629717,Armoni Brooks,BKN,26,10,10.4,4.2,4.6,0.326,3.2,0.344,0.2,0.5,0.7,1.1,1.8,0.5,0.3,0.1,0.1,0.3,0.1,2.8
East,1610612751,Brooklyn Nets,1627732,Ben Simmons,BKN,27,15,23.9,6.1,4.9,0.581,0,0,1,0.4,2.1,5.9,7.9,5.7,1.8,0.8,0.6,2.4,1.4,-2.5
East,1610612751,Brooklyn Nets,1630560,Cam Thomas,BKN,22,66,31.4,22.5,18,0.442,6,0.364,5.1,0.856,0.4,2.8,3.2,2.9,1.9,0.7,0.2,2.1,4.1,-3
East,1610612751,Brooklyn Nets,1629661,Cameron Johnson,BKN,28,58,27.6,13.4,10.7,0.446,6.1,0.391,1.9,0.789,0.9,3.4,4.3,2.4,1,0.8,0.3,1.8,1.6,-1.3
East,1610612751,Brooklyn Nets,1641727,Dariq Whitehead,BKN,19,2,12,1.5,2.5,0.2,1.5,0,1,0.5,0,2,2,1.5,0,0,0.5,0,0.5,-11
East,1610612751,Brooklyn Nets,1630549,Day'Ron Sharpe,BKN,22,61,15.1,6.8,4.8,0.571,0.2,0.267,2,0.61,2.6,3.7,6.4,1.4,1.1,0.4,0.7,2.1,1.7,1
East,1610612751,Brooklyn Nets,203471,Dennis Schröder,BKN,30,80,31.1,14,11.6,0.435,4.6,0.375,2.7,0.836,0.5,2.5,3,6.1,1.9,0.8,0.2,2.1,2.3,-1.6
East,1610612751,Brooklyn Nets,1628372,Dennis Smith Jr.,BKN,26,56,18.9,6.6,6,0.435,1.9,0.294,1,0.741,0.9,2,2.9,3.6,1.2,1.2,0.2,2.2,0.9,-0.6
East,1610612751,Brooklyn Nets,1627827,Dorian Finney-Smith,BKN,31,68,28.4,8.5,7.5,0.421,4.9,0.348,0.7,0.717,1.6,3.1,4.7,1.6,0.9,0.8,0.6,2.2,0.7,-1.6
East,1610612751,Brooklyn Nets,1631367,Jacob Gilyard,BKN,25,41,17,4.2,3.7,0.4,3.1,0.405,0,1,0.2,0.9,1.1,3.3,0.7,0.8,0.1,1,0.3,-4.2
East,1610612751,Brooklyn Nets,1630592,Jalen Wilson,BKN,23,43,15.5,5,4.2,0.425,1.7,0.324,1.1,0.826,1.1,2,3,1,0.4,0.3,0.1,1.1,0.8,-0.1
East,1610612751,Brooklyn Nets,1628966,Keita Bates-Diop,BKN,28,53,12.5,3.7,3.1,0.434,1.3,0.304,0.8,0.762,0.6,1.5,2.1,0.7,0.3,0.5,0.4,0.7,0.5,-1
East,1610612751,Brooklyn Nets,1630553,Keon Johnson,BKN,22,5,12.3,6.2,4.2,0.381,2,0.4,2.4,0.917,0.6,0.8,1.4,0.6,1,0.6,0.2,1,1.6,-5
East,1610612751,Brooklyn Nets,1629022,Lonnie Walker IV,BKN,25,58,17.4,9.7,8.5,0.423,4.7,0.384,1,0.763,0.2,2,2.2,1.3,0.9,0.6,0.3,1.2,0.8,0.1
East,1610612751,Brooklyn Nets,1628969,Mikal Bridges,BKN,27,82,34.8,19.6,15.8,0.436,7.2,0.372,3.9,0.814,0.8,3.7,4.5,3.6,2,1,0.4,1.4,3.1,-2.3
East,1610612751,Brooklyn Nets,1629651,Nic Claxton,BKN,25,71,29.8,11.8,8.2,0.629,0.1,0.2,2.8,0.551,2.7,7.2,9.9,2.1,1.3,0.6,2.1,2.5,3.4,-3.9
East,1610612751,Brooklyn Nets,1641730,Noah Clowney,BKN,19,23,16.1,5.8,4,0.538,1.4,0.364,1.3,0.7,1.1,2.4,3.5,0.8,0.7,0.3,0.7,1.1,1.2,-2.3
East,1610612751,Brooklyn Nets,1630570,Trendon Watford,BKN,23,63,13.6,6.9,4.9,0.527,1.1,0.397,1.5,0.794,0.8,2.3,3.1,1.3,1,0.4,0.3,1.7,1.2,-1.2
East,1610612765,Detroit Pistons,1641709,Ausar Thompson,DET,21,63,25.1,8.8,7.6,0.483,1.8,0.186,1.9,0.597,2,4.3,6.4,1.9,1.3,1.1,0.9,2.8,1.9,-3.7
East,1610612765,Detroit Pistons,1631205,Buddy Boeheim,DET,24,10,8.4,3.4,2.9,0.31,2.5,0.32,1,0.8,0.3,0.7,1,0.3,0,0,0.1,0.5,0.5,2.1
East,1610612765,Detroit Pistons,1630595,Cade Cunningham,DET,22,62,33.5,22.7,18.8,0.449,5.4,0.355,4.4,0.869,0.5,3.8,4.3,7.5,3.4,0.9,0.4,2.5,3.1,-5.6
East,1610612765,Detroit Pistons,1629002,Chimezie Metu,DET,27,51,16.8,6.5,4.8,0.504,1.8,0.298,1.3,0.906,0.8,3,3.8,0.9,1,0.8,0.3,1.4,1,-2.1
East,1610612765,Detroit Pistons,203095,Evan Fournier,DET,31,32,18.1,6.9,6.9,0.357,4.1,0.254,1.1,0.806,0.2,1.7,1.8,1.5,0.7,0.9,0.2,1.5,0.6,-4.4
East,1610612765,Detroit Pistons,1630587,Isaiah Livers,DET,25,23,20.4,5,5,0.345,3.3,0.286,0.8,0.667,0.7,1.4,2.1,1.1,0.7,0.6,0.2,1.9,0.7,-8.7
East,1610612765,Detroit Pistons,1630191,Isaiah Stewart,DET,23,46,30.9,10.9,8.3,0.487,3.8,0.383,1.8,0.753,1.6,5,6.6,1.6,1.4,0.4,0.8,2.2,1.8,-2.9
East,1610612765,Detroit Pistons,1631093,Jaden Ivey,DET,22,77,28.8,15.4,12.6,0.429,4.8,0.336,3.9,0.749,1.1,2.3,3.4,3.8,2.5,0.7,0.5,2.6,2.9,-4.5
East,1610612765,Detroit Pistons,1631105,Jalen Duren,DET,20,61,29.1,13.8,9.2,0.619,0.1,0,3,0.79,3.1,8.5,11.6,2.4,2.1,0.5,0.8,3.1,2.4,-5.1
East,1610612765,Detroit Pistons,1630164,James Wiseman,DET,23,63,17.3,7.1,4.8,0.613,0,0,1.6,0.706,1.7,3.6,5.3,0.9,1,0.2,0.6,2.2,1.3,-5.2
East,1610612765,Detroit Pistons,1631197,Jared Rhoden,DET,24,17,14.4,4.9,3.9,0.5,1.8,0.387,0.5,0.625,0.2,1.8,1.9,0.8,0.4,0.2,0.8,1.6,0.4,-2.3
East,1610612765,Detroit Pistons,1629669,Jaylen Nowell,DET,24,13,16.4,6.2,6,0.436,2.2,0.207,0.7,0.778,0.5,1.4,1.8,1.5,0.5,0.3,0.2,1.2,0.6,-2.5
East,1610612765,Detroit Pistons,203925,Joe Harris,DET,32,16,10.6,2.4,2.4,0.359,1.9,0.333,0.1,0.5,0.2,0.6,0.8,0.6,0.3,0.2,0.1,1.2,0.3,-3
East,1610612765,Detroit Pistons,1628995,Kevin Knox II,DET,24,31,18.1,7.2,6,0.462,3,0.33,0.7,0.909,0.6,1.8,2.4,0.7,0.7,0.4,0.2,1.6,0.7,-2.7
East,1610612765,Detroit Pistons,1630165,Killian Hayes,DET,22,42,24,6.9,6.7,0.413,1.8,0.297,1.2,0.66,0.3,2.6,2.8,4.9,1.2,0.9,0.5,1.8,1.3,-5.8
East,1610612765,Detroit Pistons,1630201,Malachi Flynn,DET,26,69,12.7,5.5,4.7,0.418,2.4,0.331,1,0.732,0.3,1.3,1.7,1.9,0.9,0.6,0.1,1,0.8,-2.6
East,1610612765,Detroit Pistons,1630608,Malcolm Cazalon,DET,22,1,2.6,0,0,0,0,0,0,0,0,0,0,0,0,0,0,0,0,5
East,1610612765,Detroit Pistons,1631204,Marcus Sasser,DET,23,71,19,8.3,7.2,0.428,3.4,0.375,0.9,0.879,0.2,1.6,1.8,3.3,1.3,0.6,0.2,1.5,1,-3.5
East,1610612765,Detroit Pistons,1629656,Quentin Grimes,DET,24,51,20.1,7,6.4,0.372,4.7,0.338,0.9,0.756,0.3,1.7,2,1.3,0.5,0.7,0.1,1.5,0.7,-0.8
East,1610612765,Detroit Pistons,1631323,Simone Fontecchio,DET,28,66,24.9,10.5,8.3,0.46,5.1,0.401,1,0.818,1,2.8,3.7,1.5,1,0.7,0.3,1.7,0.9,-0.4
East,1610612765,Detroit Pistons,1630649,Stanley Umude,DET,25,24,12.8,5.3,3.5,0.44,2.2,0.453,1.3,0.906,0.3,1.8,2.1,0.5,0.6,0.3,0.3,1.7,0.9,-3.1
East,1610612765,Detroit Pistons,201959,Taj Gibson,DET,39,20,10.2,1.7,1.9,0.405,0.5,0.2,0.1,1,0.6,1.3,1.9,0.6,0.3,0.2,0.4,1.6,0.2,-1.5
East,1610612765,Detroit Pistons,1641787,Tosan Evbuomwan,DET,23,17,21.6,5.9,4.2,0.507,1.9,0.375,1.5,0.68,1.1,2.5,3.5,0.9,0.5,0.4,0.3,1.4,1.1,-7.5
East,1610612765,Detroit Pistons,1628972,Troy Brown Jr.,DET,24,59,14,4.2,3.8,0.372,2.4,0.333,0.6,0.865,0.4,2,2.4,1,0.5,0.4,0.1,0.7,0.5,-2.2
East,1610612761,Toronto Raptors,1628971,Bruce Brown,TOR,27,67,27.8,10.8,8.7,0.478,2.4,0.323,2.1,0.824,0.8,3.4,4.2,2.9,1.3,0.9,0.3,2.2,1.5,-3.4
East,1610612761,Toronto Raptors,1628449,Chris Boucher,TOR,31,50,14.1,6.4,4.3,0.507,1.9,0.33,1.8,0.772,1.2,2.9,4.1,0.5,0.6,0.3,0.5,1.4,1.7,0.6
East,1610612761,Toronto Raptors,1630618,D.J. Carton,TOR,23,4,8.9,2.8,2,0.375,1,0.25,1.3,0.8,0.5,0.5,1,0.8,0.3,0.3,0,0.8,0.8,-7.8
East,1610612761,Toronto Raptors,202066,Garrett Temple,TOR,38,27,10.7,3.3,2.9,0.372,1.5,0.3,0.8,0.818,0.7,1,1.7,1,0.5,0.4,0.1,1,0.7,-2.9
East,1610612761,Toronto Raptors,1629018,Gary Trent Jr.,TOR,25,71,28.1,13.7,11.9,0.426,6.4,0.393,1.4,0.771,0.4,2.3,2.6,1.7,0.7,1.1,0.1,1.4,1.1,-2.7
East,1610612761,Toronto Raptors,1641711,Gradey Dick,TOR,20,60,21.1,8.5,7.4,0.425,4,0.365,0.9,0.863,0.5,1.8,2.2,1.1,0.8,0.6,0,1.5,0.8,-6.3
East,1610612761,Toronto Raptors,1630193,Immanuel Quickley,TOR,25,68,29.2,17,13.1,0.434,6.4,0.395,3.6,0.853,0.3,3.6,3.8,4.9,1.5,0.7,0.1,1.8,2.8,-0.5
East,1610612761,Toronto Raptors,1630186,Jahmi'us Ramsey,TOR,23,7,17.3,6.7,5.9,0.439,3.1,0.273,0.9,0.833,0.6,2.6,3.1,1.1,1,1,0,1.4,0.7,-4
East,1610612761,Toronto Raptors,1627751,Jakob Pöltl,TOR,28,50,26.4,11.1,7.6,0.656,0,0,2.1,0.551,2.9,5.7,8.6,2.5,1.5,0.7,1.5,3,2,-0.3
East,1610612761,Toronto Raptors,1629667,Jalen McDaniels,TOR,26,50,10.8,3.4,3.8,0.344,1.4,0.169,0.7,0.73,0.4,1.2,1.6,0.7,0.6,0.4,0.1,1,0.5,-3.2
East,1610612761,Toronto Raptors,1631241,Javon Freeman-Liberty,TOR,24,22,18.3,7,5.6,0.444,1.9,0.238,1.6,0.917,0.7,2.5,3.2,1.8,1.1,0.5,0.2,1.3,1.4,-7.2
East,1610612761,Toronto Raptors,1629007,Jontay Porter,TOR,24,26,13.8,4.4,4,0.385,2.3,0.333,0.7,0.833,1,2.2,3.2,2.3,0.8,0.8,0.8,1.3,0.4,-2.8
East,1610612761,Toronto Raptors,1629670,Jordan Nwora,TOR,25,52,13.7,7,5.8,0.462,2.5,0.336,1,0.83,0.5,2.3,2.9,1.2,1,0.5,0.3,0.9,0.8,-3.8
East,1610612761,Toronto Raptors,203482,Kelly Olynyk,TOR,33,78,22.5,9.8,6.4,0.555,2,0.387,2.3,0.833,1.4,3.9,5.3,4.4,1.9,0.9,0.4,2.9,2.6,-3.4
East,1610612761,Toronto Raptors,1628424,Kobi Simmons,TOR,26,4,16.9,5,5.3,0.429,2,0.25,0,0,0.3,1.5,1.8,3,0.3,1.5,0.5,1.3,0.5,-7.8
East,1610612761,Toronto Raptors,1642013,Malik Williams,TOR,25,7,15.2,2.7,4.9,0.265,0.7,0.2,0.3,0,2.1,3.3,5.4,0.3,0.4,0.4,0.6,2.1,0.3,-8
East,1610612761,Toronto Raptors,1641806,Markquis Nowell,TOR,24,1,3.5,2,1,0,0,0,2,1,2,0,2,2,0,1,0,0,1,4
East,1610612761,Toronto Raptors,1631338,Mouhamadou Gueye,TOR,25,11,10.9,2.4,3.5,0.289,0.3,0,0.8,0.444,1.1,1,2.1,0.5,1.1,0.3,1.6,1.4,0.9,-7.3
East,1610612761,Toronto Raptors,1630534,Ochai Agbaji,TOR,24,78,21,5.8,5.6,0.411,2.7,0.294,0.7,0.661,0.9,1.8,2.8,1.1,0.8,0.6,0.6,1.5,0.7,-3.2
East,1610612761,Toronto Raptors,203490,Otto Porter Jr.,TOR,31,15,11.6,2.6,2.2,0.424,1.5,0.348,0.2,1,0.4,1.5,1.9,0.5,0.1,0.3,0.3,1.3,0.1,1.5
East,1610612761,Toronto Raptors,1629628,RJ Barrett,TOR,24,58,31.7,20.2,15.2,0.495,4.3,0.36,5,0.715,0.9,4.5,5.4,3.3,2.2,0.5,0.4,2.2,3.6,-2.6
East,1610612761,Toronto Raptors,1631199,Ron Harper Jr.,TOR,24,1,3.7,0,0,0,0,0,0,0,0,0,0,1,0,0,0,2,0,-9
East,1610612761,Toronto Raptors,1630567,Scottie Barnes,TOR,22,60,34.9,19.9,15.7,0.475,4.9,0.341,4.2,0.781,2.4,5.9,8.2,6.1,2.8,1.3,1.5,2,3.6,-2.4
East,1610612755,Philadelphia 76ers,1627741,Buddy Hield,PHI,31,84,25.7,12.1,10.1,0.436,6.8,0.386,0.7,0.881,0.7,2.5,3.2,2.8,1.2,0.8,0.5,2,0.5,0.8
East,1610612755,Philadelphia 76ers,1626166,Cameron Payne,PHI,29,78,16.7,7.4,6.2,0.432,3.4,0.39,0.9,0.866,0.3,1.2,1.5,2.6,0.8,0.5,0.1,1.6,0.8,-0.1
East,1610612755,Philadelphia 76ers,1628391,D.J. Wilson,PHI,28,2,7.7,5,3,0.667,1,1,0,0,0.5,0.5,1,1,0,0,1,0.5,0,1
East,1610612755,Philadelphia 76ers,201980,Danny Green,PHI,37,2,9.2,0,1,0,0.5,0,0,0,0,1,1,0.5,0,0.5,0,0.5,0,0
East,1610612755,Philadelphia 76ers,1627863,Danuel House Jr.,PHI,31,34,15,4.2,3.1,0.448,1.5,0.3,1.4,0.761,0.5,1.2,1.7,0.8,0.6,0.4,0.1,1.3,1.1,0.6
East,1610612755,Philadelphia 76ers,1629001,De'Anthony Melton,PHI,26,38,26.9,11.1,9.5,0.386,5.6,0.36,2.1,0.835,0.7,3,3.7,3,1,1.6,0.4,2.2,1.5,5.7
East,1610612755,Philadelphia 76ers,1627788,Furkan Korkmaz,PHI,26,35,8.6,2.5,2.2,0.395,1.1,0.35,0.6,0.7,0.1,0.7,0.9,0.7,0.3,0.4,0.1,0.5,0.5,1.3
East,1610612755,Philadelphia 76ers,1630606,Javonte Smart,PHI,25,1,0.7,0,0,0,0,0,0,0,0,0,0,0,0,0,0,0,0,-3
East,1610612755,Philadelphia 76ers,1630288,Jeff Dowtin Jr.,PHI,27,12,11.8,4.3,3,0.556,1.6,0.474,0.3,0.75,0.3,1.4,1.7,2.3,0.4,0.6,0.1,0.1,0.5,1.8
East,1610612755,Philadelphia 76ers,203954,Joel Embiid,PHI,30,39,33.6,34.7,21.8,0.529,3.6,0.388,11.6,0.883,2.4,8.6,11,5.6,3.8,1.2,1.7,2.9,7.6,6.8
East,1610612755,Philadelphia 76ers,1630231,KJ Martin,PHI,23,60,12.4,3.7,3,0.536,0.5,0.286,0.7,0.537,0.7,1.5,2.2,0.9,0.5,0.4,0.2,1.7,0.5,-0.1
East,1610612755,Philadelphia 76ers,1626162,Kelly Oubre Jr.,PHI,28,68,30.2,15.4,12.9,0.441,4.8,0.311,3.4,0.75,1.4,3.6,5,1.5,1.3,1.1,0.7,2.9,2.6,-0.4
East,1610612755,Philadelphia 76ers,200768,Kyle Lowry,PHI,38,60,28.2,8.1,6.3,0.432,4.2,0.392,1.3,0.84,0.6,2.7,3.2,4.2,1.4,1,0.4,2.4,1.7,0
East,1610612755,Philadelphia 76ers,1628964,Mo Bamba,PHI,26,57,13,4.4,3.5,0.49,1.1,0.391,0.9,0.68,1.4,2.8,4.2,0.7,0.7,0.4,1.1,1.8,0.9,-0.8
East,1610612755,Philadelphia 76ers,201587,Nicolas Batum,PHI,35,60,25.5,5.3,4.3,0.453,3.1,0.395,0.4,0.714,1.2,3,4.1,2.1,0.7,0.8,0.6,1.8,0.4,3
East,1610612755,Philadelphia 76ers,1630194,Paul Reed,PHI,25,82,19.4,7.3,5.9,0.54,0.7,0.368,1,0.718,2.4,3.6,6,1.3,0.8,0.8,1,2.4,1.2,1.2
East,1610612755,Philadelphia 76ers,1641741,Ricky Council IV,PHI,22,32,9,5.4,3.5,0.482,1,0.375,2.2,0.746,0.4,1,1.4,0.5,0.2,0.3,0,0.5,1.4,0.4
East,1610612755,Philadelphia 76ers,203496,Robert Covington,PHI,33,29,16.8,4.4,3.4,0.439,1.9,0.339,0.9,0.846,1.1,2.3,3.3,0.8,0.4,1.3,0.6,1.9,0.7,3.6
East,1610612755,Philadelphia 76ers,1631173,Terquavion Smith,PHI,21,16,5.3,3.3,2.9,0.391,2.2,0.371,0.3,0.6,0,0.3,0.3,0.8,0.4,0.5,0,0.5,0.3,-0.4
East,1610612755,Philadelphia 76ers,202699,Tobias Harris,PHI,31,70,33.8,17.2,13.6,0.487,3.7,0.353,3,0.878,1.1,5.3,6.5,3.1,1.3,1,0.7,1.6,2.4,3.2
East,1610612755,Philadelphia 76ers,1630178,Tyrese Maxey,PHI,23,70,37.5,25.9,20.3,0.45,8.1,0.373,5.4,0.868,0.5,3.2,3.7,6.2,1.7,1,0.5,2.2,4.1,4.3
East,1610612739,Cleveland Cavaliers,1627747,Caris LeVert,CLE,29,68,28.8,14,12.1,0.421,4.9,0.325,3,0.766,0.6,3.5,4.1,5.1,1.7,1.1,0.5,1.8,2.3,1.8
East,1610612739,Cleveland Cavaliers,1641854,Craig Porter Jr.,CLE,24,51,12.7,5.6,4.5,0.509,0.7,0.353,1.1,0.732,0.4,1.7,2.1,2.3,0.9,0.4,0.3,0.8,1,-0.5
East,1610612739,Cleveland Cavaliers,1627745,Damian Jones,CLE,29,39,6.9,2.7,1.8,0.597,0.4,0.214,0.5,0.857,0.5,1.1,1.6,0.4,0.3,0.2,0.3,0.7,0.5,-2.3
East,1610612739,Cleveland Cavaliers,1629636,Darius Garland,CLE,24,57,33.3,18,14.8,0.446,6.2,0.371,3.1,0.834,0.5,2.1,2.7,6.5,3.1,1.3,0.1,1.7,2.9,2
East,1610612739,Cleveland Cavaliers,1629731,Dean Wade,CLE,27,54,20.5,5.4,4.3,0.414,3.7,0.391,0.5,0.769,0.7,3.4,4,0.8,0.4,0.7,0.5,1.7,0.7,3.3
East,1610612739,Cleveland Cavaliers,1628378,Donovan Mitchell,CLE,27,55,35.3,26.6,19.8,0.462,9,0.368,5.8,0.865,0.8,4.3,5.1,6.1,2.8,1.8,0.5,2.1,4.3,5.9
East,1610612739,Cleveland Cavaliers,1641734,Emoni Bates,CLE,20,15,8.9,2.7,3.3,0.306,2.2,0.303,0.3,0.25,0.1,0.9,0.9,0.7,0.5,0.1,0.1,0.3,0.5,-5.6
East,1610612739,Cleveland Cavaliers,1630596,Evan Mobley,CLE,23,50,30.6,15.7,11.1,0.579,1.2,0.373,3.4,0.719,2.2,7.1,9.4,3.2,1.8,0.9,1.4,2.7,2.7,0.7
East,1610612739,Cleveland Cavaliers,1627777,Georges Niang,CLE,31,82,22.3,9.4,7.7,0.449,4.8,0.376,0.7,0.85,0.3,3.1,3.4,1.2,0.9,0.4,0.2,2.3,0.7,0.4
East,1610612739,Cleveland Cavaliers,1630171,Isaac Okoro,CLE,23,69,27.3,9.4,7,0.49,3.1,0.391,2,0.679,1,2,3,1.9,0.8,0.8,0.5,2,1.7,0.6
East,1610612739,Cleveland Cavaliers,1630600,Isaiah Mobley,CLE,24,10,7.2,2.3,2.4,0.417,1,0.3,0.1,0,0.3,0.7,1,0.6,0.2,0.2,0,0.6,0.2,-3
East,1610612739,Cleveland Cavaliers,1628386,Jarrett Allen,CLE,26,77,31.7,16.5,10.6,0.634,0.1,0,4.1,0.742,3.2,7.4,10.5,2.7,1.6,0.7,1.1,1.9,4.3,2.6
East,1610612739,Cleveland Cavaliers,202694,Marcus Morris Sr.,CLE,34,49,16.7,6.4,5.4,0.439,2.4,0.403,0.9,0.818,0.5,2.3,2.7,0.7,0.6,0.3,0.3,1.5,0.8,-1.2
East,1610612739,Cleveland Cavaliers,1629622,Max Strus,CLE,28,70,32,12.2,10.4,0.418,6.8,0.351,1.4,0.794,0.9,3.9,4.8,4,1.6,0.9,0.4,2.4,1.7,3.6
East,1610612739,Cleveland Cavaliers,1631250,Pete Nance,CLE,24,8,3.4,0.4,0.8,0.167,0.1,1,0.3,0,0,0.4,0.4,0,0.1,0.1,0,0.3,0.1,-2.9
East,1610612739,Cleveland Cavaliers,1630241,Sam Merrill,CLE,28,61,17.5,8,6.4,0.402,5.8,0.404,0.5,0.929,0.4,1.6,2,1.8,0.3,0.3,0.1,1.2,0.8,0.5
East,1610612739,Cleveland Cavaliers,202684,Tristan Thompson,CLE,33,49,11.2,3.3,2.4,0.613,0,0,1.1,0.288,1.5,2.1,3.6,1,0.6,0.2,0.3,1.2,1.2,-0.3
East,1610612739,Cleveland Cavaliers,1629660,Ty Jerome,CLE,26,2,7.4,2,2,0.5,0.5,0,0,0,0.5,0,0.5,1.5,0.5,0,0,1,0,-7
West,1610612742,Dallas Mavericks,1630639,A.J. Lawson,DAL,23,42,7.4,3.2,2.9,0.446,1.2,0.26,0.5,0.652,0.3,0.9,1.2,0.5,0.3,0.2,0.1,0.5,0.3,0.4
West,1610612742,Dallas Mavericks,1641788,Alex Fudge,DAL,21,6,6.7,2.5,2.5,0.4,0.8,0.2,0.3,1,0.7,0.2,0.8,0,0.3,0.5,0,0.3,0.2,-6.5
West,1610612742,Dallas Mavericks,1630314,Brandon Williams,DAL,24,17,6.6,3.2,3.2,0.37,0.9,0.2,1,0.647,0.2,0.5,0.8,1,0.4,0.1,0.1,0.2,0.9,-3.4
West,1610612742,Dallas Mavericks,1629655,Daniel Gafford,DAL,25,74,24.5,11,6.5,0.725,0,0,2.4,0.674,2.6,5,7.6,1.6,1,0.9,2.1,3.1,2.2,-1.4
West,1610612742,Dallas Mavericks,203957,Danté Exum,DAL,28,55,19.8,7.8,5.5,0.533,2,0.491,1.2,0.779,0.5,2.3,2.7,2.9,0.9,0.4,0.1,1.5,1.4,4.3
West,1610612742,Dallas Mavericks,1641726,Dereck Lively II,DAL,20,55,23.5,8.8,5.4,0.747,0,0,1.5,0.506,2.5,4.4,6.9,1.1,0.9,0.7,1.4,2.6,1.4,2.6
West,1610612742,Dallas Mavericks,1627884,Derrick Jones Jr.,DAL,27,76,23.5,8.6,6.5,0.483,3.1,0.343,1.8,0.713,1.1,2.2,3.3,1,0.9,0.7,0.7,1.6,1.6,0.7
West,1610612742,Dallas Mavericks,1641926,Dexter Dennis,DAL,25,4,7.5,5.5,4.8,0.526,2,0.125,0.8,0.333,0.3,2,2.3,1,0.8,0,0.3,0.3,0.8,-2.3
West,1610612742,Dallas Mavericks,203939,Dwight Powell,DAL,32,63,13.3,3.3,1.7,0.679,0,0.333,1.4,0.708,1.5,1.9,3.4,1.3,0.5,0.4,0.3,1.8,1.7,0
West,1610612742,Dallas Mavericks,1630535,Greg Brown III,DAL,22,6,6.6,2.5,1.8,0.455,0.5,0.333,1.5,0.444,0.5,1,1.5,0.7,0.7,0,0.7,0.8,0.8,-1.5
West,1610612742,Dallas Mavericks,1630702,Jaden Hardy,DAL,21,73,13.6,7.3,6.6,0.407,3.1,0.362,1,0.776,0.3,1.5,1.8,1.5,0.8,0.3,0.1,1.1,1.1,-1.7
West,1610612742,Dallas Mavericks,1630182,Josh Green,DAL,23,57,26.4,8.2,6.6,0.479,3.3,0.385,1,0.684,0.7,2.5,3.2,2.3,1.1,0.8,0.2,1.9,1.3,-1.8
West,1610612742,Dallas Mavericks,202681,Kyrie Irving,DAL,32,58,35,25.6,19.5,0.497,7.3,0.411,3.6,0.905,0.8,4.2,5,5.2,1.8,1.3,0.5,1.9,3.1,4.8
West,1610612742,Dallas Mavericks,1629029,Luka Dončić,DAL,25,70,37.5,33.9,23.6,0.487,10.6,0.382,8.7,0.786,0.8,8.4,9.2,9.8,4,1.4,0.5,2.1,6.8,4.6
West,1610612742,Dallas Mavericks,202693,Markieff Morris,DAL,34,26,8.3,2.5,2.6,0.338,1.6,0.357,0.2,0.833,0.2,1.3,1.5,0.6,0.5,0.2,0.1,0.5,0.3,-2.2
West,1610612742,Dallas Mavericks,1628467,Maxi Kleber,DAL,32,43,20.3,4.4,3.4,0.432,2.1,0.348,1.1,0.702,0.7,2.6,3.3,1.6,0.7,0.4,0.7,1.8,1.3,2.9
West,1610612742,Dallas Mavericks,1641765,Olivier-Maxence Prosper,DAL,21,40,8.4,3,2.6,0.385,1.1,0.289,1,0.683,0.6,1.4,2,0.6,0.2,0.2,0.1,0.5,0.7,-2.2
West,1610612742,Dallas Mavericks,1629023,P.J. Washington,DAL,25,73,30.4,12.9,11.1,0.436,5.7,0.32,2,0.683,1.2,4.5,5.6,1.9,1.3,1,0.8,2.3,1.6,-1.8
West,1610612742,Dallas Mavericks,203501,Tim Hardaway Jr.,DAL,32,79,26.8,14.4,12.4,0.402,7.6,0.353,2.1,0.852,0.3,2.9,3.2,1.8,0.9,0.5,0.1,1.3,2,0.2
West,1610612743,Denver Nuggets,203932,Aaron Gordon,DEN,28,73,31.5,13.9,9.8,0.556,1.9,0.29,3.7,0.658,2.4,4.1,6.5,3.5,1.4,0.8,0.6,1.9,3.1,5.8
West,1610612743,Denver Nuggets,1630296,Braxton Key,DEN,27,20,3,1.1,0.9,0.412,0.3,0.4,0.4,0.75,0.2,0.8,0.9,0.5,0.1,0.1,0.1,0.3,0.3,-0.6
West,1610612743,Denver Nuggets,1631128,Christian Braun,DEN,23,82,20.2,7.3,5.9,0.46,2,0.384,1.6,0.694,1,2.8,3.7,1.6,0.7,0.5,0.4,1.7,1,-0.2
West,1610612743,Denver Nuggets,1631221,Collin Gillespie,DEN,25,24,9.4,3.6,2.9,0.464,1.6,0.395,0.5,0.667,0,0.8,0.9,1.1,0.6,0.5,0,1,0.5,0.6
West,1610612743,Denver Nuggets,201599,DeAndre Jordan,DEN,35,36,11,3.9,2.6,0.624,0,0,1.5,0.491,1.5,2.9,4.4,0.7,0.6,0.2,0.4,1.6,1.3,-2.4
West,1610612743,Denver Nuggets,1641816,Hunter Tyson,DEN,24,18,2.7,1.1,1.1,0.4,0.8,0.286,0,0,0.1,0.4,0.5,0.1,0.1,0.1,0,0.6,0,0.4
West,1610612743,Denver Nuggets,1629618,Jalen Pickett,DEN,24,27,4.5,1.6,1.3,0.429,0.9,0.36,0.1,0.75,0,0.5,0.5,0.8,0.3,0.1,0,0.5,0.1,0
West,1610612743,Denver Nuggets,1627750,Jamal Murray,DEN,27,59,31.5,21.2,16.7,0.481,5.8,0.425,3.1,0.853,0.7,3.4,4.1,6.5,2.1,1,0.7,1.8,2.7,5.3
West,1610612743,Denver Nuggets,1630643,Jay Huff,DEN,26,20,2.5,1.2,0.8,0.6,0.5,0.333,0.1,1,0.1,0.5,0.6,0.1,0.1,0.1,0.2,0.5,0.1,-0.5
West,1610612743,Denver Nuggets,1631124,Julian Strawther,DEN,22,50,10.9,4.5,4.4,0.369,2.8,0.297,0.6,0.71,0.1,1.1,1.2,0.9,0.5,0.3,0.1,1.1,0.8,-2.1
West,1610612743,Denver Nuggets,203200,Justin Holiday,DEN,35,58,14.9,4,3.3,0.454,2.3,0.404,0.1,0.75,0.2,1.1,1.2,1.2,0.2,0.6,0.2,1.2,0.2,0.9
West,1610612743,Denver Nuggets,203484,Kentavious Caldwell-Pope,DEN,31,76,31.6,10.1,7.7,0.46,4.1,0.406,1.5,0.894,0.4,2,2.4,2.4,1,1.3,0.6,2,1.3,7.5
West,1610612743,Denver Nuggets,1629008,Michael Porter Jr.,DEN,26,81,31.7,16.7,13.3,0.484,6.8,0.397,1.4,0.836,1.3,5.7,7,1.5,1.1,0.5,0.7,1.8,1.2,5.8
West,1610612743,Denver Nuggets,203999,Nikola Jokić,DEN,29,79,34.6,26.4,17.9,0.583,2.9,0.359,5.5,0.817,2.8,9.5,12.4,9,3,1.4,0.9,2.5,5.4,8.6
West,1610612743,Denver Nuggets,1631212,Peyton Watson,DEN,21,80,18.6,6.7,5.6,0.465,1.9,0.296,1.3,0.67,0.7,2.5,3.2,1.1,0.7,0.5,1.1,1.8,1,-0.9
West,1610612743,Denver Nuggets,202704,Reggie Jackson,DEN,34,82,22.2,10.2,9.2,0.431,3.5,0.359,1.2,0.806,0.4,1.5,1.9,3.8,1.3,0.5,0.1,1.8,1.2,1
West,1610612743,Denver Nuggets,1630192,Zeke Nnaji,DEN,23,58,9.9,3.2,2.6,0.463,0.4,0.261,1.1,0.677,1.1,1.1,2.2,0.6,0.5,0.3,0.7,1.4,1.3,-2.9
West,1610612745,Houston Rockets,1628988,Aaron Holiday,HOU,27,78,16.3,6.6,5.3,0.446,2.8,0.387,0.8,0.921,0.3,1.3,1.6,1.8,0.7,0.5,0.1,1.6,0.8,1.1
West,1610612745,Houston Rockets,1630578,Alperen Sengun,HOU,21,63,32.5,21.1,15.6,0.537,1.8,0.297,5.6,0.693,2.9,6.4,9.3,5,2.6,1.2,0.7,3.3,5.2,0.8
West,1610612745,Houston Rockets,1641708,Amen Thompson,HOU,21,62,22.4,9.5,7.2,0.536,0.9,0.138,2.5,0.684,2.4,4.2,6.6,2.6,1.5,1.3,0.6,2.3,2.1,0.7
West,1610612745,Houston Rockets,1626246,Boban Marjanović,HOU,35,14,5.1,3.2,2.4,0.529,0.1,0,1,0.643,0.5,1.8,2.3,0.4,0.4,0.1,0.1,0.4,1,-1.4
West,1610612745,Houston Rockets,1641715,Cam Whitmore,HOU,19,47,18.7,12.3,9.9,0.454,4.7,0.359,2.4,0.679,0.9,2.9,3.8,0.7,1,0.6,0.4,1.4,1.6,-0.6
West,1610612745,Houston Rockets,1628415,Dillon Brooks,HOU,28,72,30.9,12.7,10.7,0.428,5.1,0.359,2,0.844,0.7,2.7,3.4,1.7,1.2,0.9,0.1,3.3,1.7,-0.3
West,1610612745,Houston Rockets,1627832,Fred VanVleet,HOU,30,73,36.8,17.4,13.9,0.416,8,0.387,3.1,0.86,0.5,3.4,3.8,8.1,1.7,1.4,0.8,2.5,2.8,2.5
West,1610612745,Houston Rockets,1631095,Jabari Smith Jr.,HOU,21,76,31.9,13.7,11,0.454,5,0.363,2.4,0.811,1.8,6.3,8.1,1.6,1.2,0.7,0.8,2.6,1.8,-1.1
West,1610612745,Houston Rockets,1630256,Jae'Sean Tate,HOU,28,65,15.9,4.1,3.5,0.472,1.2,0.299,0.6,0.667,0.9,2.1,3,1,0.6,0.6,0.2,2.1,0.9,1.2
West,1610612745,Houston Rockets,1630224,Jalen Green,HOU,22,82,31.7,19.6,16.2,0.423,7.4,0.332,4.3,0.804,0.5,4.7,5.2,3.5,2.3,0.8,0.3,1.4,3.4,0.4
West,1610612745,Houston Rockets,201145,Jeff Green,HOU,37,78,16.8,6.5,4.7,0.456,2.1,0.331,1.9,0.819,0.6,1.7,2.3,0.9,0.6,0.2,0.4,1.3,1.3,-1
West,1610612745,Houston Rockets,1631257,Jermaine Samuels Jr.,HOU,25,14,4.3,1.4,1,0.643,0.1,0,0.1,1,0.2,0.7,0.9,0.2,0,0.1,0.1,0.4,0.2,-0.9
West,1610612745,Houston Rockets,1629111,Jock Landale,HOU,28,56,13.6,4.9,3.7,0.515,0.7,0.25,1.2,0.8,1.6,1.5,3.1,1.2,0.6,0.4,0.6,1.3,1.1,2.9
West,1610612745,Houston Rockets,1630207,Nate Hinton,HOU,25,15,5,2.2,1.7,0.423,0.9,0.5,0.3,0.8,0.5,1,1.5,0.7,0.2,0.2,0.1,0.7,0.3,0.9
West,1610612745,Houston Rockets,1631466,Nate Williams,HOU,25,22,5.9,2.9,2.3,0.54,0.2,0.4,0.6,0.538,0.5,0.5,1,0.3,0.2,0.2,0,0.5,0.4,1
West,1610612745,Houston Rockets,203493,Reggie Bullock Jr.,HOU,33,44,9.5,2.2,1.9,0.415,1.5,0.403,0,1,0.1,1.5,1.7,0.3,0.2,0.3,0.1,0.7,0.1,-1.2
West,1610612745,Houston Rockets,1631106,Tari Eason,HOU,23,22,21.8,9.8,8.6,0.466,2.3,0.36,1.5,0.636,2.1,4.9,7,1.2,0.9,1.4,0.9,2.3,1.1,4
West,1610612760,Oklahoma City Thunder,1630598,Aaron Wiggins,OKC,25,78,15.7,6.9,4.8,0.562,1.6,0.492,0.9,0.789,0.8,1.6,2.4,1.1,0.7,0.7,0.2,1.2,0.8,1.2
West,1610612760,Oklahoma City Thunder,1641745,Adam Flagler,OKC,24,2,7,1.5,3.5,0.143,3,0.167,0,0,0,0,0,2,0,0,0,0,0,0
West,1610612760,Oklahoma City Thunder,202687,Bismack Biyombo,OKC,31,40,19.8,4.4,3.3,0.565,0,0,1.4,0.481,1.6,3.7,5.2,1.3,1.1,0.3,0.9,2.2,1.2,-1.6
West,1610612760,Oklahoma City Thunder,1641717,Cason Wallace,OKC,20,82,20.6,6.8,5.4,0.491,2.9,0.419,0.5,0.784,0.6,1.6,2.3,1.5,0.5,0.9,0.5,1.6,0.5,1.5
West,1610612760,Oklahoma City Thunder,1631096,Chet Holmgren,OKC,22,82,29.4,16.5,11.6,0.53,4.3,0.37,3.4,0.793,1.6,6.3,7.9,2.4,1.6,0.6,2.3,2.4,3,5.2
West,1610612760,Oklahoma City Thunder,202330,Gordon Hayward,OKC,34,51,24.4,9.8,7.9,0.464,1.8,0.411,2.4,0.742,0.7,2.8,3.5,3.1,1.3,0.8,0.3,1.3,1.9,-2.6
West,1610612760,Oklahoma City Thunder,1630198,Isaiah Joe,OKC,24,78,18.5,8.2,6.2,0.458,4.5,0.416,0.7,0.865,0.4,1.9,2.3,1.3,0.6,0.6,0.3,1.1,1.2,4.5
West,1610612760,Oklahoma City Thunder,1631114,Jalen Williams,OKC,23,71,31.3,19.1,14,0.54,3.4,0.427,3.1,0.814,0.5,3.5,4,4.5,1.7,1.1,0.6,2.5,2.6,5.4
West,1610612760,Oklahoma City Thunder,1631119,Jaylin Williams,OKC,22,69,13,4,3.3,0.417,2.1,0.368,0.6,0.805,0.5,2.9,3.4,1.6,0.5,0.4,0.4,1.4,0.8,1.8
West,1610612760,Oklahoma City Thunder,1630581,Josh Giddey,OKC,21,80,25.1,12.3,10.6,0.475,3,0.337,1.6,0.806,1.4,5,6.4,4.8,2.1,0.7,0.6,1.4,1.2,4.7
West,1610612760,Oklahoma City Thunder,1629026,Kenrich Williams,OKC,29,69,14.9,4.7,4.1,0.468,2,0.397,0.2,0.5,0.9,2.1,3,1.3,0.5,0.6,0.1,1.5,0.5,2.2
West,1610612760,Oklahoma City Thunder,1641749,Keyontae Johnson,OKC,24,9,7.4,1.2,1.8,0.313,0.3,0.333,0,0,0.4,0.7,1.1,0.4,0.4,0.1,0,0.6,0,-0.8
West,1610612760,Oklahoma City Thunder,1630322,Lindy Waters III,OKC,26,38,7.4,3.6,2.7,0.471,2.2,0.435,0.1,1,0.2,0.9,1.1,0.6,0.2,0.1,0.2,0.6,0.1,-0.9
West,1610612760,Oklahoma City Thunder,1629652,Luguentz Dort,OKC,25,79,28.4,10.9,8.3,0.438,5,0.394,2,0.826,0.9,2.7,3.6,1.4,0.9,0.9,0.6,2.9,2.2,4.4
West,1610612760,Oklahoma City Thunder,203488,Mike Muscala,OKC,33,53,11.3,3,2.9,0.359,1.8,0.292,0.5,0.68,0.7,1.6,2.4,0.7,0.4,0.2,0.2,1,0.6,-1.7
West,1610612760,Oklahoma City Thunder,1630846,Olivier Sarr,OKC,25,15,6.5,2.3,1.3,0.579,0.4,0.333,1,0.667,0.7,1.7,2.4,0.1,0.2,0,0.5,1.2,0.7,0.1
West,1610612760,Oklahoma City Thunder,1631172,Ousmane Dieng,OKC,21,33,11.1,4,3.5,0.422,2.1,0.3,0.5,0.875,0.3,1.2,1.5,1.1,0.6,0.2,0.2,0.7,0.4,0
West,1610612760,Oklahoma City Thunder,1628983,Shai Gilgeous-Alexander,OKC,25,75,34,30.1,19.8,0.535,3.6,0.353,8.7,0.874,0.9,4.7,5.5,6.2,2.2,2,0.9,2.5,6.4,8.2
West,1610612758,Sacramento Kings,203458,Alex Len,SAC,31,48,9.3,2.5,1.7,0.617,0.1,0,0.7,0.588,1,1.7,2.7,1,0.6,0.2,0.7,1.4,0.5,3
West,1610612758,Sacramento Kings,1630537,Chris Duarte,SAC,27,59,12.2,3.9,3.6,0.381,2.2,0.346,0.6,0.788,0.4,1.4,1.8,0.7,0.4,0.5,0.1,1.4,0.8,-1.1
West,1610612758,Sacramento Kings,1641732,Colby Jones,SAC,22,30,6.4,2.1,2.4,0.394,0.7,0.091,0.4,0.545,0.6,0.8,1.3,0.7,0.3,0.2,0.2,1,0.3,0.3
West,1610612758,Sacramento Kings,1630558,Davion Mitchell,SAC,25,72,15.3,5.3,4.5,0.452,2.2,0.361,0.6,0.714,0.3,1.1,1.3,1.9,0.6,0.2,0,1.2,0.7,-0.6
West,1610612758,Sacramento Kings,1628368,De'Aaron Fox,SAC,26,74,35.9,26.6,20.9,0.465,7.8,0.369,5.7,0.738,0.9,3.7,4.6,5.6,2.6,2,0.4,2.6,4.5,3.1
West,1610612758,Sacramento Kings,1627734,Domantas Sabonis,SAC,28,82,35.7,19.4,13,0.594,1.1,0.379,5.1,0.704,3.6,10.1,13.7,8.2,3.3,0.9,0.6,3,4.6,0.8
West,1610612758,Sacramento Kings,1630196,Filip Petrusev,SAC,24,3,3.1,1,0.7,0.5,0,0,0.7,0.5,0,0.3,0.3,0,0,0,0,0.3,0.3,2
West,1610612758,Sacramento Kings,203084,Harrison Barnes,SAC,32,82,29,12.2,8.9,0.474,4.7,0.387,2.4,0.801,0.8,2.2,3,1.2,0.7,0.7,0.1,1.2,2,-1
West,1610612758,Sacramento Kings,201580,JaVale McGee,SAC,36,46,7.4,4,2.9,0.598,0.2,0.143,1,0.578,0.9,1.8,2.7,0.4,0.7,0.3,0.4,1,0.8,0.2
West,1610612758,Sacramento Kings,1641771,Jalen Slawson,SAC,24,12,3.1,0.7,0.5,0.667,0.2,0,0,0,0.1,0.5,0.6,0.2,0.2,0.1,0.1,0.7,0.1,-0.5
West,1610612758,Sacramento Kings,1630259,Jordan Ford,SAC,26,6,3.6,2,1.2,0.571,0.5,0.667,0.3,1,0,0.3,0.3,0.3,0.2,0,0,0,0.2,2.3
West,1610612758,Sacramento Kings,1629308,Juan Toscano-Anderson,SAC,31,11,4.8,0.6,1.1,0.25,0.4,0.25,0,0,0.4,0.9,1.3,0.4,0.2,0.1,0.1,1,0,-0.8
West,1610612758,Sacramento Kings,1631099,Keegan Murray,SAC,23,77,33.6,15.2,12.7,0.454,6.6,0.358,1.6,0.831,1.4,4.1,5.5,1.7,0.8,1,0.8,2.7,1.3,1.8
West,1610612758,Sacramento Kings,1631165,Keon Ellis,SAC,24,57,17.2,5.4,4.1,0.461,2.9,0.417,0.6,0.743,0.6,1.6,2.2,1.5,0.6,0.9,0.5,2,0.8,1.6
West,1610612758,Sacramento Kings,1630556,Kessler Edwards,SAC,23,54,5.1,1.7,1.5,0.415,1,0.385,0.2,0.556,0.2,0.6,0.8,0.3,0.1,0.2,0.1,0.5,0.2,-0.8
West,1610612758,Sacramento Kings,1628989,Kevin Huerter,SAC,25,64,24.4,10.2,8.8,0.443,5.3,0.361,0.7,0.766,0.6,2.9,3.5,2.6,0.8,0.7,0.4,2.1,0.7,1.2
West,1610612758,Sacramento Kings,1628370,Malik Monk,SAC,26,72,26,15.4,12.4,0.443,5.9,0.35,2.8,0.829,0.4,2.6,2.9,5.1,2.1,0.6,0.5,2.2,2.3,0.1
West,1610612758,Sacramento Kings,1630222,Mason Jones,SAC,25,5,5.5,1.4,1.6,0.25,1.4,0.286,0.4,0.5,0.2,0.8,1,1,0.4,0.2,0,0.6,0.4,-1.4
West,1610612758,Sacramento Kings,1628426,Sasha Vezenkov,SAC,28,42,12.2,5.4,4.5,0.44,2.9,0.375,0.4,0.8,0.7,1.6,2.3,0.5,0.3,0.5,0.2,1,0.4,0
West,1610612758,Sacramento Kings,1626168,Trey Lyles,SAC,28,58,20,7.2,5.5,0.445,3.8,0.384,1.2,0.7,1.1,3.4,4.4,1.2,0.7,0.3,0.3,1.5,1.2,3.1
West,1610612746,LA Clippers,1629599,Amir Coffey,LAC,27,70,20.9,6.6,5,0.472,2.6,0.38,1,0.859,0.4,1.7,2.1,1.1,0.5,0.6,0.2,1.5,0.8,-1.3
West,1610612746,LA Clippers,1630538,Bones Hyland,LAC,23,37,14.6,6.9,6.8,0.386,3.6,0.326,0.6,0.783,0.1,1.4,1.5,2.5,1.2,0.7,0.1,1.4,0.9,-1.8
West,1610612746,LA Clippers,1630527,Brandon Boston Jr.,LAC,22,32,10.8,5.2,5,0.404,1.6,0.269,1,0.697,0.6,1,1.6,0.4,0.8,0.3,0.3,1.3,0.7,-3.5
West,1610612746,LA Clippers,1628464,Daniel Theis,LAC,32,60,16.9,6.3,4.9,0.532,1.2,0.366,0.8,0.76,1.4,2.7,4.1,1,0.7,0.4,0.9,2.1,1,1
West,1610612746,LA Clippers,1627826,Ivica Zubac,LAC,27,68,26.4,11.7,7.6,0.649,0,0,2.4,0.723,2.9,6.3,9.2,1.4,1.2,0.3,1.2,2.6,2,2.7
West,1610612746,LA Clippers,201935,James Harden,LAC,34,72,34.3,16.6,11.4,0.428,6.8,0.381,4.8,0.878,0.5,4.7,5.1,8.5,2.6,1.1,0.8,1.8,3.3,4
West,1610612746,LA Clippers,1641757,Jordan Miller,LAC,24,8,3.5,1.6,1.1,0.556,0.3,0.5,0.3,1,0.4,0.3,0.6,0,0.1,0,0,0.3,0.1,-1.6
West,1610612746,LA Clippers,1630563,Joshua Primo,LAC,21,2,5.1,1,1.5,0.333,0.5,0,0,0,0.5,0,0.5,0,2,0,0.5,0,0,-0.5
West,1610612746,LA Clippers,202695,Kawhi Leonard,LAC,33,68,34.3,23.7,17.1,0.525,4.9,0.417,4.2,0.885,1.2,4.9,6.1,3.6,1.8,1.6,0.9,1.4,4.2,5.8
West,1610612746,LA Clippers,1641738,Kobe Brown,LAC,24,44,9,2,2,0.411,1.1,0.292,0,0.5,0.5,1,1.4,0.6,0.2,0.3,0.1,1.1,0.1,-2.1
West,1610612746,LA Clippers,203486,Mason Plumlee,LAC,34,46,14.7,5.3,3.3,0.569,0.1,0,2.2,0.707,1.3,3.8,5.1,1.2,0.8,0.3,0.4,1.5,1.8,0.2
West,1610612746,LA Clippers,1631217,Moussa Diabaté,LAC,22,11,5.8,2.6,1.7,0.526,0,0,1.3,0.643,1.4,0.8,2.2,0.4,0.2,0.5,0.1,0.4,0.9,-0.2
West,1610612746,LA Clippers,1626181,Norman Powell,LAC,31,76,26.2,13.9,10.1,0.486,5.1,0.435,2.3,0.831,0.2,2.4,2.6,1.1,0.9,0.6,0.3,1.8,2,2.8
West,1610612746,LA Clippers,200782,P.J. Tucker,LAC,39,31,15.7,1.7,1.6,0.36,1.1,0.371,0.1,1,0.9,1.8,2.7,0.5,0.3,0.5,0.2,1.7,0.4,-0.8
West,1610612746,LA Clippers,202331,Paul George,LAC,34,74,33.8,22.6,16.7,0.471,7.9,0.413,3.9,0.907,0.5,4.7,5.2,3.5,2.1,1.5,0.5,2.7,3.2,6.2
West,1610612746,LA Clippers,201566,Russell Westbrook,LAC,35,68,22.5,11.1,9.8,0.454,2.3,0.273,2.4,0.688,1.4,3.7,5,4.5,2.1,1.1,0.3,1.8,1.8,1.5
West,1610612746,LA Clippers,1629611,Terance Mann,LAC,27,75,25,8.8,6.6,0.515,2.7,0.348,1.3,0.832,1.2,2.2,3.4,1.6,0.6,0.6,0.2,1.9,1.1,0.7
West,1610612746,LA Clippers,1629875,Xavier Moon,LAC,29,14,8.5,2.4,3.3,0.326,1.2,0.118,0.1,0.5,0.6,0.7,1.3,1.5,0.4,0.2,0.2,0.6,0.2,-2.6
West,1610612744,Golden State Warriors,203952,Andrew Wiggins,GSW,29,71,27,13.2,11,0.453,3.6,0.358,2.7,0.751,1.5,3,4.5,1.7,1.2,0.6,0.6,2.1,2.3,-0.8
West,1610612744,Golden State Warriors,1641764,Brandin Podziemski,GSW,21,74,26.6,9.2,8.1,0.454,3.2,0.385,1.1,0.633,1.6,4.2,5.8,3.7,1.2,0.8,0.2,1.6,1.7,3.6
West,1610612744,Golden State Warriors,101108,Chris Paul,GSW,39,58,26.4,9.2,8.1,0.441,3.6,0.371,0.9,0.827,0.3,3.6,3.9,6.8,1.3,1.2,0.1,1.9,1,1.9
West,1610612744,Golden State Warriors,202709,Cory Joseph,GSW,32,26,11.4,2.4,2.5,0.359,1.6,0.31,0.3,0.571,0.2,0.9,1.2,1.6,0.5,0.2,0.1,1,0.3,-0.5
West,1610612744,Golden State Warriors,203967,Dario Šarić,GSW,30,64,17.2,8,6.1,0.466,3.1,0.376,1.5,0.849,1.1,3.3,4.4,2.3,1.2,0.5,0.2,1.8,1.5,-0.3
West,1610612744,Golden State Warriors,203110,Draymond Green,GSW,34,55,27.1,8.6,6.8,0.497,2.3,0.395,1.3,0.73,1.4,5.9,7.2,6,2.5,1,0.9,3,2.2,3.1
West,1610612744,Golden State Warriors,1627780,Gary Payton II,GSW,31,44,15.5,5.5,4.2,0.563,1.3,0.364,0.5,0.609,1,1.5,2.6,1.1,0.6,0.9,0.4,1.8,0.6,1.9
West,1610612744,Golden State Warriors,1630611,Gui Santos,GSW,22,23,8.4,3.6,2.4,0.509,1.2,0.37,0.7,0.941,0.7,1.4,2.1,0.6,0.3,0.2,0.1,1,0.5,0.7
West,1610612744,Golden State Warriors,1629010,Jerome Robinson,GSW,27,22,3.7,1.4,1.5,0.333,0.8,0.118,0.5,0.636,0,0.2,0.3,0.2,0.1,0,0.1,0.2,0.3,1.2
West,1610612744,Golden State Warriors,1630228,Jonathan Kuminga,GSW,21,74,26.3,16.1,11.6,0.529,2.2,0.321,4,0.746,1.2,3.6,4.8,2.2,1.6,0.7,0.5,2.3,2.9,1.7
West,1610612744,Golden State Warriors,1626172,Kevon Looney,GSW,28,74,16.1,4.5,3.1,0.597,0,0,1.1,0.675,1.9,3.7,5.7,1.8,0.7,0.4,0.4,2.1,1,0.5
West,1610612744,Golden State Warriors,202691,Klay Thompson,GSW,34,77,29.7,17.9,14.7,0.432,9,0.387,1.8,0.927,0.5,2.8,3.3,2.3,1.5,0.6,0.5,1.6,1.2,0.1
West,1610612744,Golden State Warriors,1631311,Lester Quinones,GSW,23,37,10.7,4.4,3.8,0.397,2.4,0.364,0.8,0.69,0.6,1.4,1.9,1,0.5,0.2,0.1,1.2,1,0.5
West,1610612744,Golden State Warriors,1630541,Moses Moody,GSW,22,66,17.5,8.1,6.4,0.462,3,0.36,1.4,0.785,1,2,3,0.9,0.7,0.6,0.4,1.4,1.2,1.5
West,1610612744,Golden State Warriors,1630311,Pat Spencer,GSW,27,6,4.3,0.7,0.7,0.5,0.3,0,0,0,0.3,0.3,0.7,0.8,0.2,0,0,0.2,0,-1
West,1610612744,Golden State Warriors,201939,Stephen Curry,GSW,36,74,32.7,26.4,19.5,0.45,11.8,0.408,4.4,0.923,0.5,4,4.5,5.1,2.8,0.7,0.4,1.6,3.6,2.6
West,1610612744,Golden State Warriors,1631218,Trayce Jackson-Davis,GSW,24,68,16.6,7.9,4.9,0.702,0,0,1.9,0.561,2,3,5,1.2,0.7,0.4,1.1,1.6,1.4,0.5
West,1610612744,Golden State Warriors,1630586,Usman Garuba,GSW,22,6,3,0.5,1,0.167,0.2,0,0.3,0.5,0.5,0.7,1.2,0.2,0.3,0.2,0.5,0.3,0.2,-1.8
West,1610612757,Portland Trail Blazers,1629014,Anfernee Simons,POR,25,46,34.4,22.6,18.2,0.43,8.8,0.385,3.9,0.916,0.5,3.2,3.6,5.5,2.7,0.5,0.1,2.1,2.8,-7.2
West,1610612757,Portland Trail Blazers,1630204,Ashton Hagans,POR,24,19,16.6,4.2,3.7,0.408,1.3,0.32,0.9,0.824,0.7,1.6,2.4,2.8,1.6,0.6,0.5,2.1,1,-0.2
West,1610612757,Portland Trail Blazers,1630625,Dalano Banton,POR,24,54,19.4,10.3,9.3,0.404,3.7,0.296,2.2,0.783,0.8,2.5,3.3,2.4,1.4,0.6,0.4,1.2,1.6,-4.1
West,1610612757,Portland Trail Blazers,1629028,Deandre Ayton,POR,25,55,32.4,16.7,13.6,0.57,0.2,0.1,1.4,0.823,3.2,7.9,11.1,1.6,1.8,1,0.8,2,1.4,-5.8
West,1610612757,Portland Trail Blazers,1641871,Duop Reath,POR,28,68,17.9,9.1,7.3,0.461,3.6,0.359,1.4,0.742,1.4,2.3,3.7,1,0.8,0.5,0.6,2.4,1.4,-2.8
West,1610612757,Portland Trail Blazers,1630641,Ibou Badji,POR,21,22,10.3,1.5,1,0.636,0,0,0.5,0.5,0.9,1.4,2.3,0.6,0.7,0.1,0.9,2.1,0.6,-4.1
West,1610612757,Portland Trail Blazers,1631133,Jabari Walker,POR,21,72,23.6,8.9,7.1,0.46,1.9,0.295,2.4,0.754,2.1,5,7.1,1,0.9,0.6,0.3,2.4,1.9,-4.7
West,1610612757,Portland Trail Blazers,203924,Jerami Grant,POR,30,54,33.9,21,15.7,0.451,5.1,0.402,5.8,0.817,0.7,2.9,3.5,2.8,2.1,0.8,0.6,2.2,3.9,-6.5
West,1610612757,Portland Trail Blazers,1631303,Justin Minaya,POR,25,34,11.2,1.8,2.2,0.297,1.4,0.245,0.3,0.556,0.9,0.8,1.6,0.6,0.3,0.3,0.3,1,0.4,-2.4
West,1610612757,Portland Trail Blazers,1631200,Kris Murray,POR,23,62,21.7,6.1,5.9,0.396,3,0.268,0.9,0.661,1.4,2.2,3.6,1.3,0.9,0.9,0.3,1.5,0.9,-2.6
West,1610612757,Portland Trail Blazers,1627763,Malcolm Brogdon,POR,31,39,28.7,15.7,12.7,0.44,5.1,0.412,3,0.819,0.7,3.1,3.8,5.5,1.5,0.7,0.2,1.5,2.4,-2.1
West,1610612757,Portland Trail Blazers,1629680,Matisse Thybulle,POR,27,65,22.9,5.4,4.9,0.397,3.6,0.346,0.4,0.759,0.5,1.6,2.1,1.4,0.6,1.7,0.8,1.4,0.6,-3.6
West,1610612757,Portland Trail Blazers,1629650,Moses Brown,POR,24,22,9.1,3.4,3,0.508,0,0,1.4,0.29,1.7,2.2,3.9,0.3,0.5,0.2,0.3,1.2,1.3,-2.7
West,1610612757,Portland Trail Blazers,1641712,Rayan Rupert,POR,20,39,16.2,4,4.1,0.335,2,0.359,0.6,0.76,0.6,1.7,2.4,1.6,0.8,0.3,0.1,1.4,0.5,-3.2
West,1610612757,Portland Trail Blazers,1629057,Robert Williams III,POR,26,6,19.8,6.8,4.3,0.654,0,0,1.5,0.778,1.8,4.5,6.3,0.8,1.2,1.2,1.2,2.8,1.3,-5
West,1610612757,Portland Trail Blazers,1630703,Scoot Henderson,POR,20,62,28.5,14,12.9,0.385,4.3,0.325,3.3,0.819,0.9,2.3,3.1,5.4,3.4,0.8,0.2,3.1,3.4,-8
West,1610612757,Portland Trail Blazers,1631101,Shaedon Sharpe,POR,21,32,33.1,15.9,13.6,0.406,5.6,0.333,3.7,0.824,1.3,3.7,5,2.9,2.3,0.9,0.4,2.8,3.6,-7.7
West,1610612757,Portland Trail Blazers,1631386,Tazé Moore,POR,26,4,10.1,4.5,4.8,0.421,1.8,0.143,0.5,0.5,1,1,2,1.3,0.8,0.5,0,1,0.8,-5.5
West,1610612757,Portland Trail Blazers,1641739,Toumani Camara,POR,24,70,24.8,7.5,6.3,0.45,2.5,0.337,1.4,0.758,2,2.9,4.9,1.2,1.2,0.9,0.5,2.5,1.6,-2.7
West,1610612747,Los Angeles Lakers,203076,Anthony Davis,LAL,31,76,35.5,24.7,16.9,0.556,1.4,0.271,6.8,0.816,3.1,9.5,12.6,3.5,2.1,1.2,2.3,2.3,5.4,2
West,1610612747,Los Angeles Lakers,1630559,Austin Reaves,LAL,26,82,32.1,15.9,11.5,0.486,5.1,0.367,3.3,0.853,0.7,3.6,4.3,5.5,2.1,0.8,0.3,1.9,3,-0.5
West,1610612747,Los Angeles Lakers,1629629,Cam Reddish,LAL,24,48,20.5,5.4,4.9,0.389,2.3,0.336,1.1,0.759,0.6,1.5,2.1,1,0.6,1,0.3,1.3,0.9,-1
West,1610612747,Los Angeles Lakers,1626174,Christian Wood,LAL,28,50,17.4,6.9,5.3,0.466,2.3,0.307,1.9,0.702,0.8,4.3,5.1,1,1,0.3,0.7,1.4,1.6,0.1
West,1610612747,Los Angeles Lakers,1630658,Colin Castleton,LAL,24,16,3.7,1.5,1,0.563,0,0,0.4,1,0.4,0.4,0.8,0.2,0.2,0.1,0,0.7,0.2,-2.8
West,1610612747,Los Angeles Lakers,1626156,D'Angelo Russell,LAL,28,76,32.7,18,14.2,0.456,7.2,0.415,2.5,0.828,0.4,2.7,3.1,6.3,2.1,0.9,0.5,2.1,2.2,2.4
West,1610612747,Los Angeles Lakers,1641793,D'Moi Hodge,LAL,25,7,5.9,2,2.1,0.333,1.7,0.25,0.3,0.5,0,0,0,0.7,0.1,0.1,0.1,0.6,0.1,-5
West,1610612747,Los Angeles Lakers,1629216,Gabe Vincent,LAL,28,11,19.8,3.1,4.5,0.306,2.5,0.107,0.2,0.5,0.4,0.5,0.8,1.9,0.5,0.8,0,1.7,0.4,2.8
West,1610612747,Los Angeles Lakers,1628385,Harry Giles III,LAL,26,23,4.3,2.4,2.2,0.46,0.6,0.214,0.6,0.538,0.5,0.8,1.3,0.3,0.3,0.1,0.1,0.7,0.4,-1.8
West,1610612747,Los Angeles Lakers,1641720,Jalen Hood-Schifino,LAL,21,21,5.2,1.6,2.1,0.222,0.7,0.133,1,0.6,0.1,0.5,0.6,0.4,0.4,0.1,0.1,0.6,0.5,-2.6
West,1610612747,Los Angeles Lakers,1629020,Jarred Vanderbilt,LAL,25,29,20,5.2,3.9,0.518,0.9,0.296,1.2,0.667,1.4,3.3,4.8,1.2,1,1.2,0.2,1.5,1.4,1.5
West,1610612747,Los Angeles Lakers,1629637,Jaxson Hayes,LAL,24,70,12.5,4.3,2.5,0.72,0.1,0,1.2,0.622,1,2,3,0.5,0.6,0.5,0.4,1.8,1.1,-1.5
West,1610612747,Los Angeles Lakers,2544,LeBron James,LAL,39,71,35.3,25.7,17.9,0.54,5.1,0.41,5.7,0.75,0.9,6.4,7.3,8.3,3.5,1.3,0.5,1.1,4.3,3.1
West,1610612747,Los Angeles Lakers,1631108,Max Christie,LAL,21,67,14.1,4.2,3.6,0.427,1.8,0.356,0.7,0.783,0.2,1.9,2.1,0.9,0.5,0.3,0.3,0.9,0.4,-0.3
West,1610612747,Los Angeles Lakers,1641721,Maxwell Lewis,LAL,21,34,3,0.3,0.6,0.19,0.3,0.111,0.1,0.667,0.1,0.1,0.1,0.2,0.3,0.1,0,0.1,0.1,-2.1
West,1610612747,Los Angeles Lakers,1629060,Rui Hachimura,LAL,26,68,26.8,13.6,9.9,0.537,3.4,0.422,2,0.739,0.9,3.5,4.3,1.2,0.7,0.6,0.4,1.5,1.4,1.8
West,1610612747,Los Angeles Lakers,1630219,Skylar Mays,LAL,26,38,11.4,4.1,4.2,0.396,1.4,0.296,0.4,0.765,0.3,0.9,1.1,2.2,0.5,0.6,0.1,0.7,0.5,-2.7
West,1610612747,Los Angeles Lakers,203915,Spencer Dinwiddie,LAL,31,76,28.3,10.5,8.4,0.392,4.8,0.337,2.8,0.805,0.4,2.3,2.7,4.7,1.2,0.7,0.3,1.8,1.9,0.9
West,1610612747,Los Angeles Lakers,1627752,Taurean Prince,LAL,30,78,27,8.9,7.3,0.442,4.6,0.396,0.9,0.735,0.3,2.7,2.9,1.5,0.9,0.7,0.4,1.9,0.9,-1.5
West,1610612750,Minnesota Timberwolves,1630162,Anthony Edwards,MIN,22,79,35.1,25.9,19.7,0.461,6.7,0.357,6.4,0.836,0.7,4.8,5.4,5.1,3.1,1.3,0.5,1.8,4.3,5.5
West,1610612750,Minnesota Timberwolves,1630227,Daishen Nix,MIN,22,15,3.3,1.8,1.6,0.375,1.1,0.353,0.4,0.5,0.1,0.1,0.2,0.4,0.3,0.3,0,0.1,0.2,1.9
West,1610612750,Minnesota Timberwolves,1630183,Jaden McDaniels,MIN,23,72,29.2,10.5,8.7,0.489,3.5,0.337,1.1,0.722,0.8,2.3,3.1,1.4,1.2,0.9,0.6,3,1.3,2.2
West,1610612750,Minnesota Timberwolves,1629162,Jordan McLaughlin,MIN,28,56,11.2,3.5,2.6,0.483,1.6,0.472,0.3,0.722,0.3,1,1.3,2,0.3,0.6,0.1,0.6,0.5,2.8
West,1610612750,Minnesota Timberwolves,1631169,Josh Minott,MIN,21,32,2.9,1.6,1.1,0.472,0.3,0.4,0.4,0.857,0.1,0.4,0.5,0.3,0.1,0.2,0.2,0.3,0.3,0.6
West,1610612750,Minnesota Timberwolves,1628382,Justin Jackson,MIN,29,2,0.4,0,0,0,0,0,0,0,0,0,0,0,0,0,0,0,0,0
West,1610612750,Minnesota Timberwolves,1626157,Karl-Anthony Towns,MIN,28,62,32.7,21.8,15.3,0.504,5.3,0.416,4.7,0.873,1.5,6.8,8.3,3,2.9,0.7,0.7,3.3,4.2,5.2
West,1610612750,Minnesota Timberwolves,203937,Kyle Anderson,MIN,30,79,22.6,6.4,5.5,0.46,0.6,0.229,1.7,0.708,0.8,2.7,3.5,4.2,1.2,0.9,0.6,1.6,1.3,2.1
West,1610612750,Minnesota Timberwolves,1631159,Leonard Miller,MIN,20,17,3.1,1.7,1.2,0.65,0.3,0.4,0.1,0.5,0.3,0.9,1.2,0.5,0.1,0.1,0.1,0.3,0.1,0.5
West,1610612750,Minnesota Timberwolves,1630568,Luka Garza,MIN,25,25,4.9,4,3,0.48,1.3,0.281,1,0.72,0.8,0.5,1.2,0.2,0.2,0.2,0,1,0.8,0.3
West,1610612750,Minnesota Timberwolves,201144,Mike Conley,MIN,36,76,28.9,11.4,8.5,0.457,5.3,0.442,1.5,0.911,0.5,2.4,2.9,5.9,1.3,1.2,0.2,1.7,1.6,3.6
West,1610612750,Minnesota Timberwolves,1628420,Monté Morris,MIN,29,33,14.4,5,4.6,0.405,2.1,0.386,0.6,0.684,0.2,1.5,1.7,2.1,0.2,0.6,0.3,0.4,0.5,2.6
West,1610612750,Minnesota Timberwolves,1629675,Naz Reid,MIN,24,81,24.2,13.5,10.5,0.477,5,0.414,1.8,0.736,0.9,4.3,5.2,1.3,1.4,0.8,0.9,2.1,1.4,3.1
West,1610612750,Minnesota Timberwolves,1629638,Nickeil Alexander-Walker,MIN,25,82,23.4,8,6.6,0.439,4.1,0.391,0.8,0.8,0.4,1.6,2,2.5,0.9,0.8,0.5,1.7,1,3.8
West,1610612750,Minnesota Timberwolves,203497,Rudy Gobert,MIN,32,76,34.1,14,8.1,0.661,0,0,5.1,0.638,3.8,9.2,12.9,1.3,1.6,0.7,2.1,3.1,5.1,5.4
West,1610612750,Minnesota Timberwolves,203933,T.J. Warren,MIN,30,11,11.3,3.7,3.7,0.439,1.2,0.154,0.4,0.75,0.5,1.5,2,0.8,0.4,0.4,0.1,1,0.2,4.6
West,1610612750,Minnesota Timberwolves,1631111,Wendell Moore Jr.,MIN,22,25,3,0.7,0.7,0.5,0.2,0,0,0,0,0.5,0.5,0.2,0.2,0.2,0,0.2,0,-0.2
West,1610612759,San Antonio Spurs,1631104,Blake Wesley,SAS,21,61,14.4,4.4,3.5,0.474,0.9,0.218,1.3,0.667,0.3,1.2,1.5,2.7,0.9,0.5,0.1,1.5,0.8,-2.4
West,1610612759,San Antonio Spurs,1626224,Cedi Osman,SAS,29,72,17.6,6.8,5.3,0.479,3.1,0.389,0.7,0.673,0.3,2.2,2.5,1.7,0.7,0.5,0.2,1.5,1,-4.9
West,1610612759,San Antonio Spurs,1629646,Charles Bassey,SAS,23,19,10.8,3.3,2.1,0.725,0.1,0,0.3,0.833,1.2,2.8,4,1.1,0.8,0.4,0.9,1.6,0.5,-2.4
West,1610612759,San Antonio Spurs,1630561,David Duke Jr.,SAS,24,4,12.8,6.5,4.5,0.556,1.5,0.5,0.8,1,0.5,2,2.5,1.3,0.8,0.5,0,1,1,1.5
West,1610612759,San Antonio Spurs,1630170,Devin Vassell,SAS,23,68,33.1,19.5,15.5,0.472,6.6,0.372,3,0.801,0.4,3.4,3.8,4.1,1.6,1.1,0.3,1.1,2.2,-4.3
West,1610612759,San Antonio Spurs,1628984,Devonte' Graham,SAS,29,23,13.6,5,4.7,0.352,3.6,0.301,0.7,0.813,0.2,1.3,1.6,2.1,0.7,0.4,0.1,0.6,0.7,1
West,1610612759,San Antonio Spurs,1631230,Dominick Barlow,SAS,21,33,12.7,4.4,3.4,0.496,0.3,0.333,1.3,0.69,1.4,2.1,3.4,1.1,0.3,0.4,0.4,1.4,0.9,-1
West,1610612759,San Antonio Spurs,1631123,Jamaree Bouyea,SAS,25,9,10.5,2.3,3.1,0.357,1,0.111,0,0,0.3,1.8,2.1,1.2,1,0.1,0,1.1,0.1,-1.7
West,1610612759,San Antonio Spurs,1631110,Jeremy Sochan,SAS,21,74,29.6,11.6,10.5,0.438,3.1,0.308,1.9,0.771,1.9,4.6,6.4,3.4,1.9,0.8,0.5,2.3,1.8,-4.6
West,1610612759,San Antonio Spurs,1630577,Julian Champagnie,SAS,23,74,19.8,6.8,5.4,0.408,3.7,0.365,1.2,0.815,0.6,2.2,2.8,1.4,0.8,0.6,0.6,1,0.9,-1.9
West,1610612759,San Antonio Spurs,1629640,Keldon Johnson,SAS,24,69,29.5,15.7,12.5,0.454,5.3,0.346,3.2,0.792,1.4,4.1,5.5,2.8,1.4,0.7,0.3,2.2,2.4,-5
West,1610612759,San Antonio Spurs,1631103,Malaki Branham,SAS,21,75,21.3,9.2,8.4,0.432,3.6,0.347,0.8,0.873,0.4,1.6,2,2.1,1.2,0.4,0.1,1.3,0.8,-5
West,1610612759,San Antonio Spurs,1630564,RaiQuan Gray,SAS,24,3,13,7.7,5.7,0.588,2.3,0.429,0,0,0.7,1.7,2.3,2,0.3,0.3,0.3,0,0,4.7
West,1610612759,San Antonio Spurs,1630572,Sandro Mamukelashvili,SAS,25,46,9.8,4.1,3.4,0.471,1.4,0.297,0.7,0.735,1,2.2,3.2,1.1,0.4,0.2,0.3,0.8,0.6,1
West,1610612759,San Antonio Spurs,1631321,Sidy Cissoko,SAS,20,12,11.7,3.8,2.8,0.485,1,0.083,1.3,0.8,0.7,1.2,1.8,0.8,0.3,0.6,0.3,1.5,0.9,2.1
West,1610612759,San Antonio Spurs,1630200,Tre Jones,SAS,24,77,27.8,10,7.8,0.505,2.5,0.335,1.5,0.856,0.8,3,3.8,6.2,1.5,1,0.1,1.2,1.7,-0.3
West,1610612759,San Antonio Spurs,1641705,Victor Wembanyama,SAS,20,71,29.7,21.4,16.7,0.465,5.5,0.325,5.2,0.796,2.3,8.4,10.6,3.9,3.7,1.2,3.6,2.2,5.4,-2
West,1610612759,San Antonio Spurs,1628380,Zach Collins,SAS,26,69,22.1,11.2,8.9,0.484,2.6,0.32,2.3,0.753,1.7,3.7,5.4,2.8,1.9,0.5,0.8,3,2.2,-5.7
West,1610612756,Phoenix Suns,1629626,Bol Bol,PHX,24,43,10.9,5.2,3.5,0.616,1.2,0.423,0.4,0.789,0.7,2.4,3.2,0.4,0.4,0.2,0.6,1,0.3,0.3
West,1610612756,Phoenix Suns,203078,Bradley Beal,PHX,31,53,33.3,18.2,13.9,0.513,4.4,0.43,2.5,0.813,1,3.4,4.4,5,2.5,1,0.5,2.4,1.9,2
West,1610612756,Phoenix Suns,1631223,David Roddy,PHX,23,65,18.1,6.5,6.3,0.403,2.5,0.293,1,0.691,0.8,2.4,3.2,1.2,0.9,0.4,0.2,1.1,0.9,-3.5
West,1610612756,Phoenix Suns,1626164,Devin Booker,PHX,27,68,36,27.1,19.2,0.492,6.1,0.364,6.7,0.886,0.8,3.7,4.5,6.9,2.6,0.9,0.4,3,5.2,4.6
West,1610612756,Phoenix Suns,1629234,Drew Eubanks,PHX,27,75,15.6,5.1,3.4,0.601,0,1,1.2,0.774,1.4,2.9,4.3,0.8,0.8,0.4,0.8,1.5,1.2,-1.4
West,1610612756,Phoenix Suns,201569,Eric Gordon,PHX,35,68,27.8,11,9.1,0.443,5.8,0.378,0.9,0.797,0.2,1.6,1.8,2,1.1,1,0.4,1.2,0.9,1.9
West,1610612756,Phoenix Suns,1628960,Grayson Allen,PHX,28,75,33.5,13.5,9.1,0.499,5.9,0.461,2,0.878,0.6,3.3,3.9,3,1.3,0.9,0.6,2.1,1.9,3.5
West,1610612756,Phoenix Suns,202738,Isaiah Thomas,PHX,35,6,3.2,1.3,1.7,0.3,0.7,0.5,0,0,0,0,0,0.5,0,0,0,0,0.3,-2.3
West,1610612756,Phoenix Suns,1630688,Ish Wainright,PHX,29,11,5.7,2.1,2.2,0.292,1.8,0.35,0.2,1,0.3,1,1.3,0.1,0.2,0.4,0.1,0.7,0.2,-0.4
West,1610612756,Phoenix Suns,1629006,Josh Okogie,PHX,25,60,16,4.6,3.4,0.417,1.6,0.309,1.7,0.745,1.2,1.3,2.6,1.1,0.6,0.8,0.4,1.1,1.6,0.1
West,1610612756,Phoenix Suns,203994,Jusuf Nurkić,PHX,29,76,27.3,10.9,8.3,0.51,1.2,0.244,3.4,0.64,2.9,8.1,11,4,2.3,1.1,1.1,3.3,3,5.3
West,1610612756,Phoenix Suns,201142,Kevin Durant,PHX,35,75,37.2,27.1,19.1,0.523,5.4,0.413,5.6,0.856,0.5,6.1,6.6,5,3.3,0.9,1.2,1.8,4.8,3.9
West,1610612756,Phoenix Suns,1629642,Nassir Little,PHX,24,45,10.2,3.4,2.8,0.46,1.6,0.3,0.4,0.85,0.3,1.4,1.7,0.5,0.3,0.2,0.2,0.9,0.4,-2
West,1610612756,Phoenix Suns,1626220,Royce O'Neale,PHX,31,79,24.7,7.7,6.8,0.397,5.3,0.37,0.4,0.686,0.8,4,4.8,2.8,0.9,0.7,0.6,2.2,0.6,1.5
West,1610612756,Phoenix Suns,1630240,Saben Lee,PHX,25,24,7.7,3,2.3,0.364,0.7,0.125,1.6,0.744,0.4,0.9,1.3,1.3,0.3,0.3,0.1,0.5,1.1,0.6
West,1610612756,Phoenix Suns,201152,Thaddeus Young,PHX,36,33,13.3,4.2,3.3,0.602,0.2,0.143,0.5,0.4,1.4,1.7,3.1,1.7,0.5,0.7,0.2,1.5,0.5,-1.2
West,1610612756,Phoenix Suns,1630177,Theo Maledon,PHX,23,17,12.5,3.5,4.1,0.286,1.8,0.167,0.9,0.933,0.2,1.2,1.4,1.6,1.1,0.4,0,1.2,1.2,-3.8
West,1610612756,Phoenix Suns,1628962,Udoka Azubuike,PHX,24,16,7.1,2.2,1.4,0.696,0,0,0.8,0.231,0.7,1.3,2,0.2,0.3,0.1,0.4,1.1,0.6,-3
West,1610612763,Memphis Grizzlies,1629634,Brandon Clarke,MEM,27,6,22.4,11.3,9.8,0.559,1,0.167,1.2,0.143,2.2,3.2,5.3,1.5,0.5,0.8,1,1.3,1.3,-1.3
West,1610612763,Memphis Grizzlies,1630610,DeJon Jarreau,MEM,26,9,16.6,4.8,5.6,0.34,1.4,0.308,1.2,0.455,0.9,4,4.9,2.9,1,0.7,0.2,1.6,0.9,-2.7
West,1610612763,Memphis Grizzlies,201565,Derrick Rose,MEM,35,24,16.6,8,6.9,0.461,1.7,0.366,1.1,0.889,0.3,1.6,1.9,3.3,1.3,0.3,0.1,0.9,1.3,-1.4
West,1610612763,Memphis Grizzlies,1630217,Desmond Bane,MEM,26,42,34.4,23.7,18.5,0.464,8.6,0.381,3.8,0.87,0.9,3.5,4.4,5.5,2.7,1,0.5,2.9,3,-4.8
West,1610612763,Memphis Grizzlies,1641713,GG Jackson,MEM,19,48,25.7,14.6,11.7,0.428,6,0.357,3.2,0.752,1.1,3,4.1,1.2,1.4,0.6,0.5,1.3,2.1,-4
West,1610612763,Memphis Grizzlies,1629630,Ja Morant,MEM,24,9,35.3,25.1,18.9,0.471,5.7,0.275,7.1,0.813,0.7,4.9,5.6,8.1,3,0.8,0.6,2.1,5.3,1.2
West,1610612763,Memphis Grizzlies,1631298,Jack White,MEM,26,4,15.9,1.5,4,0.125,2.5,0.2,0,0,1,2,3,0.3,0.5,1,0.3,0.8,0,-7
West,1610612763,Memphis Grizzlies,1631222,Jake LaRavia,MEM,22,35,23,10.8,8.7,0.389,4.5,0.34,3.1,0.826,1.5,2.2,3.7,1.7,1.3,0.8,0.3,2,2.1,-3.3
West,1610612763,Memphis Grizzlies,1628991,Jaren Jackson Jr.,MEM,24,66,32.2,22.5,17.6,0.444,5.5,0.32,6.3,0.808,1.3,4.2,5.5,2.3,2.4,1.2,1.6,3.6,5.7,-5.2
West,1610612763,Memphis Grizzlies,1629723,John Konchar,MEM,28,55,21.3,4.3,3.8,0.423,2.2,0.317,0.5,0.84,1.3,3.4,4.7,2,0.8,0.9,0.9,1.4,0.7,-2.7
West,1610612763,Memphis Grizzlies,1630692,Jordan Goodwin,MEM,25,57,18.5,6.5,6.7,0.369,2.5,0.298,1,0.746,1.5,2.9,4.4,2.7,1,0.8,0.3,1.3,0.9,-1.6
West,1610612763,Memphis Grizzlies,1630205,Lamar Stevens,MEM,26,38,14.7,7.2,6.3,0.45,1.2,0.304,1.4,0.778,0.9,2.4,3.3,0.7,0.6,0.6,0.6,1.2,1.1,0.2
West,1610612763,Memphis Grizzlies,1628379,Luke Kennard,MEM,28,39,25.6,11,8.1,0.448,6.1,0.45,1.2,0.889,0.3,2.6,2.9,3.5,1.4,0.5,0.1,1,0.8,-4.8
West,1610612763,Memphis Grizzlies,203935,Marcus Smart,MEM,30,20,30.2,14.5,11.9,0.43,6.7,0.313,2.8,0.768,0.3,2.4,2.7,4.3,3.1,2.1,0.3,2.7,2.9,-1
West,1610612763,Memphis Grizzlies,1630562,Matt Hurt,MEM,24,8,14.2,4,4.3,0.353,2.5,0.25,0.4,1,1.1,0.9,2,0.5,0.3,0.4,0.4,1,0.6,-1.5
West,1610612763,Memphis Grizzlies,1641970,Mãozinha Pereira,MEM,23,7,17.4,6.9,5,0.514,1.9,0.385,1.4,0.7,1.6,3.7,5.3,0.3,0.7,0.9,0.6,1.4,1.1,1.3
West,1610612763,Memphis Grizzlies,1630583,Santi Aldama,MEM,23,61,26.5,10.7,9.3,0.435,5,0.349,1.4,0.621,1.2,4.6,5.8,2.3,1.1,0.7,0.9,1.5,1.4,-4.5
West,1610612763,Memphis Grizzlies,1630590,Scotty Pippen Jr.,MEM,23,21,25.1,12.9,9.7,0.493,3.4,0.417,2.6,0.745,1,2.1,3.2,4.7,2.7,1.7,0.5,2.9,3.1,-3.4
West,1610612763,Memphis Grizzlies,1627885,Shaquille Harrison,MEM,30,3,2,0.7,0.7,0.5,0,0,0,0,0,0.7,0.7,0,0,0,0.3,0,0,-3.7
West,1610612763,Memphis Grizzlies,1641851,Timmy Allen,MEM,24,5,25.1,2.6,4.6,0.261,1.4,0,0.4,0.5,0.8,2.6,3.4,1,0.4,0.8,0,3.6,1,-13
West,1610612763,Memphis Grizzlies,1641998,Trey Jemison,MEM,24,25,23,6.8,5.4,0.551,0,0,1,0.84,2.6,2.8,5.4,1.1,1.4,0.5,1.1,2.8,1.2,-4.4
West,1610612763,Memphis Grizzlies,1631246,Vince Williams Jr.,MEM,23,52,27.6,10,7.3,0.446,4,0.378,2.5,0.8,1.1,4.4,5.6,3.4,1.8,0.9,0.7,2.6,2.6,-1.8
West,1610612763,Memphis Grizzlies,1629117,Wenyen Gabriel,MEM,27,5,16.2,3.4,4.4,0.364,1.2,0.167,1,0,1.4,3.6,5,0.6,1.6,0.4,0.4,2,1.2,-3.2
West,1610612763,Memphis Grizzlies,1629139,Yuta Watanabe,MEM,29,34,13.7,3.4,3.4,0.353,2.5,0.294,0.5,0.588,0.3,1.3,1.6,0.4,0.6,0.4,0.2,1.1,0.4,-1.9
West,1610612763,Memphis Grizzlies,1630285,Zavier Simpson,MEM,27,7,23.1,6,7.7,0.315,2.4,0.294,0.6,0.75,0.6,2.3,2.9,3.6,1.4,1,0.4,1.6,0.4,-4.1
West,1610612763,Memphis Grizzlies,1630533,Ziaire Williams,MEM,22,51,20.3,8.2,7.4,0.397,3.7,0.307,1.5,0.827,0.7,2.8,3.5,1.5,1.3,0.7,0.2,1.7,1.5,-4.8
West,1610612740,New Orleans Pelicans,1627742,Brandon Ingram,NOP,26,64,32.9,20.8,15.9,0.492,3.8,0.355,4.8,0.801,0.7,4.4,5.1,5.7,2.5,0.8,0.6,2.3,3.8,2.7
West,1610612740,New Orleans Pelicans,203468,CJ McCollum,NOP,32,66,32.7,20,16,0.459,8.4,0.429,2.1,0.827,0.6,3.7,4.3,4.6,1.7,0.9,0.6,1.9,1.7,3
West,1610612740,New Orleans Pelicans,203469,Cody Zeller,NOP,31,43,7.4,1.8,1.4,0.419,0.1,0.333,0.9,0.605,1.1,1.5,2.6,0.9,0.4,0.2,0.1,1,0.9,1.1
West,1610612740,New Orleans Pelicans,1631220,Dereon Seabron,NOP,24,6,9.2,2.3,2.2,0.308,0.3,0.5,1,0.833,0.2,1,1.2,0.8,0,0.3,0.2,0.7,0.7,4.7
West,1610612740,New Orleans Pelicans,1630700,Dyson Daniels,NOP,21,61,22.3,5.8,5.1,0.447,2.2,0.311,0.9,0.642,1,2.9,3.9,2.7,1,1.4,0.4,1.7,0.7,1.2
West,1610612740,New Orleans Pelicans,1630604,E.J. Liddell,NOP,23,8,2.9,0.5,0.8,0.167,0.6,0,0.3,1,0,0.6,0.6,0.1,0.3,0.3,0.3,0.3,0.1,-0.5
West,1610612740,New Orleans Pelicans,1630529,Herbert Jones,NOP,25,76,30.5,11,7.7,0.498,3.6,0.418,2.1,0.867,1,2.6,3.6,2.6,1.2,1.4,0.8,2.9,1.8,3
West,1610612740,New Orleans Pelicans,1631167,Izaiah Brockington,NOP,24,1,3.4,4,5,0.4,1,0,0,0,1,1,2,0,0,0,0,0,0,3
West,1610612740,New Orleans Pelicans,1630622,Jalen Crutcher,NOP,24,1,2.7,0,1,0,0,0,0,0,0,0,0,0,0,0,0,0,0,1
West,1610612740,New Orleans Pelicans,1630526,Jeremiah Robinson-Earl,NOP,23,39,8.6,2.9,2.4,0.474,1,0.333,0.4,0.75,0.6,1.4,1.9,0.5,0.4,0.3,0.1,0.6,0.4,-0.6
West,1610612740,New Orleans Pelicans,202685,Jonas Valančiūnas,NOP,32,82,23.5,12.2,8.8,0.559,1.5,0.308,2.5,0.785,2.3,6.5,8.8,2.1,1.4,0.4,0.8,2.7,2.4,1.9
West,1610612740,New Orleans Pelicans,1641722,Jordan Hawkins,NOP,22,67,17.3,7.8,6.8,0.382,4.4,0.366,1.2,0.838,0.4,1.8,2.2,1,0.6,0.3,0.1,1.1,0.6,0.2
West,1610612740,New Orleans Pelicans,1630631,Jose Alvarado,NOP,26,56,18.4,7.1,6.2,0.412,3.7,0.377,0.9,0.673,0.4,1.8,2.3,2.1,0.7,1.1,0.3,1.6,0.8,4.3
West,1610612740,New Orleans Pelicans,1629232,Kaiser Gates,NOP,27,1,7.4,0,4,0,2,0,0,0,0,1,1,0,0,0,0,0,0,-2
West,1610612740,New Orleans Pelicans,1626204,Larry Nance Jr.,NOP,31,61,19.9,5.7,4,0.573,1.1,0.415,1,0.77,1.5,3.5,5,1.9,0.8,1,0.3,1.6,1.2,1.2
West,1610612740,New Orleans Pelicans,1630346,Matt Ryan,NOP,27,28,13.9,5.4,4,0.434,3.3,0.451,0.5,0.929,0.2,1.2,1.4,0.6,0.7,0.2,0,1.1,0.6,0.5
West,1610612740,New Orleans Pelicans,1630230,Naji Marshall,NOP,26,66,19,7.1,5.6,0.463,2.3,0.387,1.3,0.791,0.8,2.8,3.6,1.9,1,0.7,0.2,1.4,1,3.1
West,1610612740,New Orleans Pelicans,1630530,Trey Murphy III,NOP,24,57,29.7,14.8,10.9,0.443,7.8,0.38,2.6,0.815,0.7,4.2,4.9,2.2,0.6,0.9,0.5,1.2,1.8,4.6
West,1610612740,New Orleans Pelicans,1629627,Zion Williamson,NOP,23,70,31.5,22.9,15.6,0.57,0.3,0.333,7.1,0.702,1.7,4.1,5.8,5,2.8,1.1,0.7,2.3,5.2,2
West,1610612762,Utah Jazz,1641729,Brice Sensabaugh,UTA,20,32,18.3,7.5,6.8,0.39,3.6,0.296,1.3,0.902,0.5,2.7,3.2,1.7,1.5,0.4,0.2,1.3,1,-5.4
West,1610612762,Utah Jazz,1629012,Collin Sexton,UTA,25,78,26.6,18.7,13.3,0.487,4.2,0.394,4.7,0.859,0.9,1.7,2.6,4.9,2.1,0.8,0.2,2,3.8,-1.8
West,1610612762,Utah Jazz,1629647,Darius Bazley,UTA,24,9,16.9,5.3,3.3,0.6,0.9,0.25,1.3,0.833,0.9,2.2,3.1,0.8,0.9,0.7,0.8,0.3,1,-3.7
West,1610612762,Utah Jazz,1630554,Jason Preston,UTA,24,7,10.2,1.7,2.7,0.316,0.4,0,0,0,0.9,1.6,2.4,2.3,0.3,0.3,0.1,0.4,0,3.3
West,1610612762,Utah Jazz,1628381,John Collins,UTA,26,68,28,15.1,11,0.532,3.4,0.371,2.7,0.795,2.3,6.1,8.5,1.1,1.4,0.6,0.9,2.8,2.4,-4.5
West,1610612762,Utah Jazz,1630548,Johnny Juzang,UTA,23,20,18.6,7.2,5.5,0.464,3.9,0.416,0.7,0.714,0.4,1.5,1.8,1.2,0.7,0.2,0.1,1.5,0.6,-0.4
West,1610612762,Utah Jazz,203903,Jordan Clarkson,UTA,32,55,30.6,17.1,14.8,0.413,5.6,0.294,3.7,0.881,0.9,2.5,3.4,5,2.7,0.6,0.1,1.5,2.5,-3.5
West,1610612762,Utah Jazz,1631254,Kenneth Lofton Jr.,UTA,21,21,9.4,4.6,3.7,0.462,1.1,0.292,1.2,0.654,0.6,1.2,1.8,1.6,0.7,0.3,0.2,1.1,0.9,-0.5
West,1610612762,Utah Jazz,1641718,Keyonte George,UTA,20,75,27,13,10.9,0.391,5.9,0.334,3,0.848,0.2,2.6,2.8,4.4,2.5,0.5,0.1,1.2,2.7,-5
West,1610612762,Utah Jazz,1630184,Kira Lewis Jr.,UTA,23,28,9.4,3.2,3.3,0.37,1.2,0.121,0.7,0.85,0.3,0.6,0.9,1.3,0.5,0.3,0.1,0.5,0.6,-2.4
West,1610612762,Utah Jazz,1627739,Kris Dunn,UTA,30,66,18.9,5.4,4.7,0.47,1.7,0.369,0.5,0.688,0.8,2.1,2.9,3.8,1.2,1,0.4,2,0.5,0.2
West,1610612762,Utah Jazz,1628374,Lauri Markkanen,UTA,27,55,33.1,23.2,16.2,0.48,8,0.399,5,0.899,2.2,5.9,8.2,2,1.4,0.9,0.5,1.8,4.4,0.4
West,1610612762,Utah Jazz,1629677,Luka Samanic,UTA,24,43,9.4,4.1,3.7,0.38,1.5,0.203,1.3,0.786,0.5,1.9,2.4,0.4,0.7,0.1,0.2,0.7,0.9,-1.2
West,1610612762,Utah Jazz,1630695,Micah Potter,UTA,26,16,11.6,3.3,2.5,0.475,1.3,0.429,0.5,0.75,0.6,2.1,2.7,0.4,0.3,0.3,0.4,0.9,0.5,-1.8
West,1610612762,Utah Jazz,1630209,Omer Yurtseven,UTA,26,48,11.4,4.6,3.8,0.538,0.5,0.208,0.6,0.679,1.5,2.8,4.3,0.6,0.8,0.2,0.4,1.1,0.7,-2.8
West,1610612762,Utah Jazz,1629659,Talen Horton-Tucker,UTA,23,51,19.8,10.1,9.1,0.396,3.6,0.33,2.1,0.807,0.4,2,2.4,3.5,1.3,0.9,0.4,1.8,1.6,-2.1
West,1610612762,Utah Jazz,1641707,Taylor Hendricks,UTA,20,40,21.4,7.3,6,0.45,3.5,0.379,0.7,0.793,1.2,3.5,4.6,0.8,0.7,0.7,0.8,1.9,0.5,-3.8
West,1610612762,Utah Jazz,1631117,Walker Kessler,UTA,22,64,23.3,8.1,5.5,0.654,0.3,0.211,1.5,0.602,2.6,4.9,7.5,0.9,1,0.5,2.4,2.1,1.3,-2.3
